Product Name,Category,Sku,Filling,Weight,PRICES,Unnamed: 6
20 x 120cm duck feather,CUSTOM INSERTS,CUSTINNERS - 1,Duck Feather,Normal,29.30,
20 x 120cm duck feather,CUSTOM INSERTS,CUSTINNERS - 1,Duck Feather,Firm Fill,29.90,
20 x 120cm duck feather,CUSTOM INSERTS,CUSTINNERS - 1,Duck Feather,Extra Firm Fill,30.50,
30 x 115cm duck feather,CUSTOM INSERTS,CUSTINNERS - 2,Duck Feather,Normal,31.30,
30 x 115cm duck feather,CUSTOM INSERTS,CUSTINNERS - 2,Duck Feather,Firm Fill,31.90,
30 x 115cm duck feather,CUSTOM INSERTS,CUSTINNERS - 2,Duck Feather,Extra Firm Fill,32.50,
30 x 120cm duck feather,CUSTOM INSERTS,CUSTINNERS - 3,Duck Feather,Normal,50.25,
30 x 120cm duck feather,CUSTOM INSERTS,CUSTINNERS - 3,Duck Feather,Firm Fill,50.85,
30 x 120cm duck feather,CUSTOM INSERTS,CUSTINNERS - 3,Duck Feather,Extra Firm Fill,51.45,
30 x 150cm duck feather,CUSTOM INSERTS,CUSTINNERS - 4,Duck Feather,Normal,61.50,
30 x 150cm duck feather,CUSTOM INSERTS,CUSTINNERS - 4,Duck Feather,Firm Fill,62.10,
30 x 150cm duck feather,CUSTOM INSERTS,CUSTINNERS - 4,Duck Feather,Extra Firm Fill,62.70,
30 x 30cm duck feather,CUSTOM INSERTS,CUSTINNERS - 5,Duck Feather,Normal,13.20,
30 x 30cm duck feather,CUSTOM INSERTS,CUSTINNERS - 5,Duck Feather,Firm Fill,13.80,
30 x 30cm duck feather,CUSTOM INSERTS,CUSTINNERS - 5,Duck Feather,Extra Firm Fill,14.40,
30 x 40cm duck feather,CUSTOM INSERTS,CUSTINNERS - 6,Duck Feather,Normal,13.20,
30 x 40cm duck feather,CUSTOM INSERTS,CUSTINNERS - 6,Duck Feather,Firm Fill,13.80,
30 x 40cm duck feather,CUSTOM INSERTS,CUSTINNERS - 6,Duck Feather,Extra Firm Fill,14.40,
30 x 45cm duck feather,CUSTOM INSERTS,CUSTINNERS - 7,Duck Feather,Normal,13.20,
30 x 45cm duck feather,CUSTOM INSERTS,CUSTINNERS - 7,Duck Feather,Firm Fill,13.80,
30 x 45cm duck feather,CUSTOM INSERTS,CUSTINNERS - 7,Duck Feather,Extra Firm Fill,14.40,
30 x 55cm duck feather,CUSTOM INSERTS,CUSTINNERS - 8,Duck Feather,Normal,14.50,
30 x 55cm duck feather,CUSTOM INSERTS,CUSTINNERS - 8,Duck Feather,Firm Fill,15.10,
30 x 55cm duck feather,CUSTOM INSERTS,CUSTINNERS - 8,Duck Feather,Extra Firm Fill,15.70,
30 x 80cm duck feather,CUSTOM INSERTS,CUSTINNERS - 9,Duck Feather,Normal,16.65,
30 x 80cm duck feather,CUSTOM INSERTS,CUSTINNERS - 9,Duck Feather,Firm Fill,17.25,
30 x 80cm duck feather,CUSTOM INSERTS,CUSTINNERS - 9,Duck Feather,Extra Firm Fill,17.85,
33 x 33cm duck feather,CUSTOM INSERTS,CUSTINNERS - 10,Duck Feather,Normal,13.20,
33 x 33cm duck feather,CUSTOM INSERTS,CUSTINNERS - 10,Duck Feather,Firm Fill,13.80,
33 x 33cm duck feather,CUSTOM INSERTS,CUSTINNERS - 10,Duck Feather,Extra Firm Fill,14.40,
35 x 100cm duck feather,CUSTOM INSERTS,CUSTINNERS - 11,Duck Feather,Normal,27.00,
35 x 100cm duck feather,CUSTOM INSERTS,CUSTINNERS - 11,Duck Feather,Firm Fill,27.60,
35 x 100cm duck feather,CUSTOM INSERTS,CUSTINNERS - 11,Duck Feather,Extra Firm Fill,28.20,
35 x 120cm duck feather,CUSTOM INSERTS,CUSTINNERS - 12,Duck Feather,Normal,46.25,
35 x 120cm duck feather,CUSTOM INSERTS,CUSTINNERS - 12,Duck Feather,Firm Fill,46.85,
35 x 120cm duck feather,CUSTOM INSERTS,CUSTINNERS - 12,Duck Feather,Extra Firm Fill,47.45,
35 x 125cm duck feather,CUSTOM INSERTS,CUSTINNERS - 13,Duck Feather,Normal,50.00,
35 x 125cm duck feather,CUSTOM INSERTS,CUSTINNERS - 13,Duck Feather,Firm Fill,50.60,
35 x 125cm duck feather,CUSTOM INSERTS,CUSTINNERS - 13,Duck Feather,Extra Firm Fill,51.20,
35 x 130cm duck feather,CUSTOM INSERTS,CUSTINNERS - 14,Duck Feather,Normal,55.75,
35 x 130cm duck feather,CUSTOM INSERTS,CUSTINNERS - 14,Duck Feather,Firm Fill,56.35,
35 x 130cm duck feather,CUSTOM INSERTS,CUSTINNERS - 14,Duck Feather,Extra Firm Fill,56.95,
35 x 35cm duck feather,CUSTOM INSERTS,CUSTINNERS - 15,Duck Feather,Normal,9.20,
35 x 35cm duck feather,CUSTOM INSERTS,CUSTINNERS - 15,Duck Feather,Firm Fill,9.80,
35 x 35cm duck feather,CUSTOM INSERTS,CUSTINNERS - 15,Duck Feather,Extra Firm Fill,10.40,
35 x 50cm duck feather,CUSTOM INSERTS,CUSTINNERS - 16,Duck Feather,Normal,14.50,
35 x 50cm duck feather,CUSTOM INSERTS,CUSTINNERS - 16,Duck Feather,Firm Fill,15.10,
35 x 50cm duck feather,CUSTOM INSERTS,CUSTINNERS - 16,Duck Feather,Extra Firm Fill,15.70,
35 x 55cm duck feather,CUSTOM INSERTS,CUSTINNERS - 17,Duck Feather,Normal,14.50,
35 x 55cm duck feather,CUSTOM INSERTS,CUSTINNERS - 17,Duck Feather,Firm Fill,15.10,
35 x 55cm duck feather,CUSTOM INSERTS,CUSTINNERS - 17,Duck Feather,Extra Firm Fill,15.70,
35 x 65cm duck feather,CUSTOM INSERTS,CUSTINNERS - 18,Duck Feather,Normal,15.50,
35 x 65cm duck feather,CUSTOM INSERTS,CUSTINNERS - 18,Duck Feather,Firm Fill,16.10,
35 x 65cm duck feather,CUSTOM INSERTS,CUSTINNERS - 18,Duck Feather,Extra Firm Fill,16.70,
35 x 80cm duck feather,CUSTOM INSERTS,CUSTINNERS - 19,Duck Feather,Normal,17.65,
35 x 80cm duck feather,CUSTOM INSERTS,CUSTINNERS - 19,Duck Feather,Firm Fill,18.25,
35 x 80cm duck feather,CUSTOM INSERTS,CUSTINNERS - 19,Duck Feather,Extra Firm Fill,18.85,
35 x 90cm duck feather,CUSTOM INSERTS,CUSTINNERS - 20,Duck Feather,Normal,20.00,
35 x 90cm duck feather,CUSTOM INSERTS,CUSTINNERS - 20,Duck Feather,Firm Fill,20.60,
35 x 90cm duck feather,CUSTOM INSERTS,CUSTINNERS - 20,Duck Feather,Extra Firm Fill,21.20,
35 x 95cm duck feather,CUSTOM INSERTS,CUSTINNERS - 21,Duck Feather,Normal,26.00,
35 x 95cm duck feather,CUSTOM INSERTS,CUSTINNERS - 21,Duck Feather,Firm Fill,26.60,
35 x 95cm duck feather,CUSTOM INSERTS,CUSTINNERS - 21,Duck Feather,Extra Firm Fill,27.20,
39 x 39cm duck feather,CUSTOM INSERTS,CUSTINNERS - 22,Duck Feather,Normal,13.20,
39 x 39cm duck feather,CUSTOM INSERTS,CUSTINNERS - 22,Duck Feather,Firm Fill,13.80,
39 x 39cm duck feather,CUSTOM INSERTS,CUSTINNERS - 22,Duck Feather,Extra Firm Fill,14.40,
39 x 59cm duck feather,CUSTOM INSERTS,CUSTINNERS - 23,Duck Feather,Normal,15.50,
39 x 59cm duck feather,CUSTOM INSERTS,CUSTINNERS - 23,Duck Feather,Firm Fill,16.10,
39 x 59cm duck feather,CUSTOM INSERTS,CUSTINNERS - 23,Duck Feather,Extra Firm Fill,16.70,
39 x 70cm duck feather,CUSTOM INSERTS,CUSTINNERS - 24,Duck Feather,Normal,19.00,
39 x 70cm duck feather,CUSTOM INSERTS,CUSTINNERS - 24,Duck Feather,Firm Fill,19.60,
39 x 70cm duck feather,CUSTOM INSERTS,CUSTINNERS - 24,Duck Feather,Extra Firm Fill,20.20,
39 x 79cm duck feather,CUSTOM INSERTS,CUSTINNERS - 25,Duck Feather,Normal,19.00,
39 x 79cm duck feather,CUSTOM INSERTS,CUSTINNERS - 25,Duck Feather,Firm Fill,19.60,
39 x 79cm duck feather,CUSTOM INSERTS,CUSTINNERS - 25,Duck Feather,Extra Firm Fill,20.20,
40 x 100cm duck feather,CUSTOM INSERTS,CUSTINNERS - 25B,Duck Feather,Normal,29.30,
40 x 100cm duck feather,CUSTOM INSERTS,CUSTINNERS - 25B,Duck Feather,Firm Fill,29.90,
40 x 100cm duck feather,CUSTOM INSERTS,CUSTINNERS - 25B,Duck Feather,Extra Firm Fill,30.50,
40 x 110cm duck feather,CUSTOM INSERTS,CUSTINNERS - 26,Duck Feather,Normal,44.25,
40 x 110cm duck feather,CUSTOM INSERTS,CUSTINNERS - 26,Duck Feather,Firm Fill,44.85,
40 x 110cm duck feather,CUSTOM INSERTS,CUSTINNERS - 26,Duck Feather,Extra Firm Fill,45.45,
40 x 120cm duck feather,CUSTOM INSERTS,CUSTINNERS - 27,Duck Feather,Normal,50.00,
40 x 120cm duck feather,CUSTOM INSERTS,CUSTINNERS - 27,Duck Feather,Firm Fill,50.60,
40 x 120cm duck feather,CUSTOM INSERTS,CUSTINNERS - 27,Duck Feather,Extra Firm Fill,51.20,
40 x 125cm duck feather,CUSTOM INSERTS,CUSTINNERS - 28,Duck Feather,Normal,51.00,
40 x 125cm duck feather,CUSTOM INSERTS,CUSTINNERS - 28,Duck Feather,Firm Fill,51.60,
40 x 125cm duck feather,CUSTOM INSERTS,CUSTINNERS - 28,Duck Feather,Extra Firm Fill,52.20,
40 x 35cm duck feather,CUSTOM INSERTS,CUSTINNERS - 29,Duck Feather,Normal,13.20,
40 x 35cm duck feather,CUSTOM INSERTS,CUSTINNERS - 29,Duck Feather,Firm Fill,13.80,
40 x 35cm duck feather,CUSTOM INSERTS,CUSTINNERS - 29,Duck Feather,Extra Firm Fill,14.40,
40 x 50cm duck feather,CUSTOM INSERTS,CUSTINNERS - 30,Duck Feather,Normal,14.50,
40 x 50cm duck feather,CUSTOM INSERTS,CUSTINNERS - 30,Duck Feather,Firm Fill,15.10,
40 x 50cm duck feather,CUSTOM INSERTS,CUSTINNERS - 30,Duck Feather,Extra Firm Fill,15.70,
40 x 55cm duck feather,CUSTOM INSERTS,CUSTINNERS - 31,Duck Feather,Normal,15.50,
40 x 55cm duck feather,CUSTOM INSERTS,CUSTINNERS - 31,Duck Feather,Firm Fill,16.10,
40 x 55cm duck feather,CUSTOM INSERTS,CUSTINNERS - 31,Duck Feather,Extra Firm Fill,16.70,
40 x 65cm duck feather,CUSTOM INSERTS,CUSTINNERS - 32,Duck Feather,Normal,16.50,
40 x 65cm duck feather,CUSTOM INSERTS,CUSTINNERS - 32,Duck Feather,Firm Fill,17.10,
40 x 65cm duck feather,CUSTOM INSERTS,CUSTINNERS - 32,Duck Feather,Extra Firm Fill,17.70,
40 x 70cm duck feather,CUSTOM INSERTS,CUSTINNERS - 33,Duck Feather,Normal,16.65,
40 x 70cm duck feather,CUSTOM INSERTS,CUSTINNERS - 33,Duck Feather,Firm Fill,17.25,
40 x 70cm duck feather,CUSTOM INSERTS,CUSTINNERS - 33,Duck Feather,Extra Firm Fill,17.85,
40 x 85cm duck feather,CUSTOM INSERTS,CUSTINNERS - 34,Duck Feather,Normal,20.00,
40 x 85cm duck feather,CUSTOM INSERTS,CUSTINNERS - 34,Duck Feather,Firm Fill,20.60,
40 x 85cm duck feather,CUSTOM INSERTS,CUSTINNERS - 34,Duck Feather,Extra Firm Fill,21.20,
40 x 90cm duck feather,CUSTOM INSERTS,CUSTINNERS - 35,Duck Feather,Normal,26.00,
40 x 90cm duck feather,CUSTOM INSERTS,CUSTINNERS - 35,Duck Feather,Firm Fill,26.60,
40 x 90cm duck feather,CUSTOM INSERTS,CUSTINNERS - 35,Duck Feather,Extra Firm Fill,27.20,
43  x 43cm duck feather,CUSTOM INSERTS,CUSTINNERS - 36,Duck Feather,Normal,14.20,
43  x 43cm duck feather,CUSTOM INSERTS,CUSTINNERS - 36,Duck Feather,Firm Fill,14.80,
43  x 43cm duck feather,CUSTOM INSERTS,CUSTINNERS - 36,Duck Feather,Extra Firm Fill,15.40,
44 x 44cm duck feather,CUSTOM INSERTS,CUSTINNERS - 37,Duck Feather,Normal,58.00,
44 x 44cm duck feather,CUSTOM INSERTS,CUSTINNERS - 37,Duck Feather,Firm Fill,58.60,
44 x 44cm duck feather,CUSTOM INSERTS,CUSTINNERS - 37,Duck Feather,Extra Firm Fill,59.20,
45 x 100cm duck feather,CUSTOM INSERTS,CUSTINNERS - 38,Duck Feather,Normal,30.30,
45 x 100cm duck feather,CUSTOM INSERTS,CUSTINNERS - 38,Duck Feather,Firm Fill,30.90,
45 x 100cm duck feather,CUSTOM INSERTS,CUSTINNERS - 38,Duck Feather,Extra Firm Fill,31.50,
45 x 110cm duck feather,CUSTOM INSERTS,CUSTINNERS - 39,Duck Feather,Normal,50.00,
45 x 110cm duck feather,CUSTOM INSERTS,CUSTINNERS - 39,Duck Feather,Firm Fill,50.60,
45 x 110cm duck feather,CUSTOM INSERTS,CUSTINNERS - 39,Duck Feather,Extra Firm Fill,51.20,
45 x 125cm duck feather,CUSTOM INSERTS,CUSTINNERS - 40,Duck Feather,Normal,55.75,
45 x 125cm duck feather,CUSTOM INSERTS,CUSTINNERS - 40,Duck Feather,Firm Fill,56.35,
45 x 125cm duck feather,CUSTOM INSERTS,CUSTINNERS - 40,Duck Feather,Extra Firm Fill,56.95,
45 x 30cm duck feather,CUSTOM INSERTS,CUSTINNERS - 41,Duck Feather,Normal,13.20,
45 x 30cm duck feather,CUSTOM INSERTS,CUSTINNERS - 41,Duck Feather,Firm Fill,13.80,
45 x 30cm duck feather,CUSTOM INSERTS,CUSTINNERS - 41,Duck Feather,Extra Firm Fill,14.40,
45 x 35cm duck feather,CUSTOM INSERTS,CUSTINNERS - 42,Duck Feather,Normal,13.20,
45 x 35cm duck feather,CUSTOM INSERTS,CUSTINNERS - 42,Duck Feather,Firm Fill,13.80,
45 x 35cm duck feather,CUSTOM INSERTS,CUSTINNERS - 42,Duck Feather,Extra Firm Fill,14.40,
45 x 40cm duck feather,CUSTOM INSERTS,CUSTINNERS - 43,Duck Feather,Normal,14.50,
45 x 40cm duck feather,CUSTOM INSERTS,CUSTINNERS - 43,Duck Feather,Firm Fill,15.10,
45 x 40cm duck feather,CUSTOM INSERTS,CUSTINNERS - 43,Duck Feather,Extra Firm Fill,15.70,
45 x 50cm duck feather,CUSTOM INSERTS,CUSTINNERS - 44,Duck Feather,Normal,15.50,
45 x 50cm duck feather,CUSTOM INSERTS,CUSTINNERS - 44,Duck Feather,Firm Fill,16.10,
45 x 50cm duck feather,CUSTOM INSERTS,CUSTINNERS - 44,Duck Feather,Extra Firm Fill,16.70,
45 x 55cm duck feather,CUSTOM INSERTS,CUSTINNERS - 45,Duck Feather,Normal,15.50,
45 x 55cm duck feather,CUSTOM INSERTS,CUSTINNERS - 45,Duck Feather,Firm Fill,16.10,
45 x 55cm duck feather,CUSTOM INSERTS,CUSTINNERS - 45,Duck Feather,Extra Firm Fill,16.70,
45 X 65cm duck feather,CUSTOM INSERTS,CUSTINNERS - 46,Duck Feather,Normal,16.65,
45 X 65cm duck feather,CUSTOM INSERTS,CUSTINNERS - 46,Duck Feather,Firm Fill,17.25,
45 X 65cm duck feather,CUSTOM INSERTS,CUSTINNERS - 46,Duck Feather,Extra Firm Fill,17.85,
45 x 80cm duck feather,CUSTOM INSERTS,CUSTINNERS - 47,Duck Feather,Normal,20.00,
45 x 80cm duck feather,CUSTOM INSERTS,CUSTINNERS - 47,Duck Feather,Firm Fill,20.60,
45 x 80cm duck feather,CUSTOM INSERTS,CUSTINNERS - 47,Duck Feather,Extra Firm Fill,21.20,
45 x 95cm duck feather,CUSTOM INSERTS,CUSTINNERS - 48,Duck Feather,Normal,29.30,
45 x 95cm duck feather,CUSTOM INSERTS,CUSTINNERS - 48,Duck Feather,Firm Fill,29.90,
45 x 95cm duck feather,CUSTOM INSERTS,CUSTINNERS - 48,Duck Feather,Extra Firm Fill,30.50,
48 x 48cm duck feather,CUSTOM INSERTS,CUSTINNERS - 49,Duck Feather,Normal,15.50,
48 x 48cm duck feather,CUSTOM INSERTS,CUSTINNERS - 49,Duck Feather,Firm Fill,16.10,
48 x 48cm duck feather,CUSTOM INSERTS,CUSTINNERS - 49,Duck Feather,Extra Firm Fill,16.70,
49 x 29cm duck feather,CUSTOM INSERTS,CUSTINNERS - 50,Duck Feather,Normal,13.20,
49 x 29cm duck feather,CUSTOM INSERTS,CUSTINNERS - 50,Duck Feather,Firm Fill,13.80,
49 x 29cm duck feather,CUSTOM INSERTS,CUSTINNERS - 50,Duck Feather,Extra Firm Fill,14.40,
49 x 49cm duck feather,CUSTOM INSERTS,CUSTINNERS - 51,Duck Feather,Normal,15.50,
49 x 49cm duck feather,CUSTOM INSERTS,CUSTINNERS - 51,Duck Feather,Firm Fill,16.10,
49 x 49cm duck feather,CUSTOM INSERTS,CUSTINNERS - 51,Duck Feather,Extra Firm Fill,16.70,
50 x 110cm duck feather,CUSTOM INSERTS,CUSTINNERS - 52,Duck Feather,Normal,50.00,
50 x 110cm duck feather,CUSTOM INSERTS,CUSTINNERS - 52,Duck Feather,Firm Fill,50.60,
50 x 110cm duck feather,CUSTOM INSERTS,CUSTINNERS - 52,Duck Feather,Extra Firm Fill,51.20,
50 x 120cm duck feather,CUSTOM INSERTS,CUSTINNERS - 53,Duck Feather,Normal,55.75,
50 x 120cm duck feather,CUSTOM INSERTS,CUSTINNERS - 53,Duck Feather,Firm Fill,56.35,
50 x 120cm duck feather,CUSTOM INSERTS,CUSTINNERS - 53,Duck Feather,Extra Firm Fill,56.95,
50 x 130cm duck feather,CUSTOM INSERTS,CUSTINNERS - 54,Duck Feather,Normal,62.50,
50 x 130cm duck feather,CUSTOM INSERTS,CUSTINNERS - 54,Duck Feather,Firm Fill,63.10,
50 x 130cm duck feather,CUSTOM INSERTS,CUSTINNERS - 54,Duck Feather,Extra Firm Fill,63.70,
50 x 55cm duck feather,CUSTOM INSERTS,CUSTINNERS - 55,Duck Feather,Normal,16.50,
50 x 55cm duck feather,CUSTOM INSERTS,CUSTINNERS - 55,Duck Feather,Firm Fill,17.10,
50 x 55cm duck feather,CUSTOM INSERTS,CUSTINNERS - 55,Duck Feather,Extra Firm Fill,17.70,
50 X 60cm duck feather,CUSTOM INSERTS,CUSTINNERS - 56,Duck Feather,Normal,16.65,
50 X 60cm duck feather,CUSTOM INSERTS,CUSTINNERS - 56,Duck Feather,Firm Fill,17.25,
50 X 60cm duck feather,CUSTOM INSERTS,CUSTINNERS - 56,Duck Feather,Extra Firm Fill,17.85,
50 x 65cm duck feather,CUSTOM INSERTS,CUSTINNERS - 57,Duck Feather,Normal,17.65,
50 x 65cm duck feather,CUSTOM INSERTS,CUSTINNERS - 57,Duck Feather,Firm Fill,18.25,
50 x 65cm duck feather,CUSTOM INSERTS,CUSTINNERS - 57,Duck Feather,Extra Firm Fill,18.85,
50 x 70cm duck feather,CUSTOM INSERTS,CUSTINNERS - 58,Duck Feather,Normal,17.00,
50 x 70cm duck feather,CUSTOM INSERTS,CUSTINNERS - 58,Duck Feather,Firm Fill,17.60,
50 x 70cm duck feather,CUSTOM INSERTS,CUSTINNERS - 58,Duck Feather,Extra Firm Fill,18.20,
51 x 51cm duck feather,CUSTOM INSERTS,CUSTINNERS - 59,Duck Feather,Normal,15.50,
51 x 51cm duck feather,CUSTOM INSERTS,CUSTINNERS - 59,Duck Feather,Firm Fill,16.10,
51 x 51cm duck feather,CUSTOM INSERTS,CUSTINNERS - 59,Duck Feather,Extra Firm Fill,16.70,
52 x 30cm duck feather,CUSTOM INSERTS,CUSTINNERS - 60,Duck Feather,Normal,13.20,
52 x 30cm duck feather,CUSTOM INSERTS,CUSTINNERS - 60,Duck Feather,Firm Fill,13.80,
52 x 30cm duck feather,CUSTOM INSERTS,CUSTINNERS - 60,Duck Feather,Extra Firm Fill,14.40,
52 x 52cm duck feather,CUSTOM INSERTS,CUSTINNERS - 61,Duck Feather,Normal,16.50,
52 x 52cm duck feather,CUSTOM INSERTS,CUSTINNERS - 61,Duck Feather,Firm Fill,17.10,
52 x 52cm duck feather,CUSTOM INSERTS,CUSTINNERS - 61,Duck Feather,Extra Firm Fill,17.70,
53 x 53cm duck feather,CUSTOM INSERTS,CUSTINNERS - 62,Duck Feather,Normal,17.00,
53 x 53cm duck feather,CUSTOM INSERTS,CUSTINNERS - 62,Duck Feather,Firm Fill,17.60,
53 x 53cm duck feather,CUSTOM INSERTS,CUSTINNERS - 62,Duck Feather,Extra Firm Fill,18.20,
54 x 54cm duck feather,CUSTOM INSERTS,CUSTINNERS - 63,Duck Feather,Normal,16.65,
54 x 54cm duck feather,CUSTOM INSERTS,CUSTINNERS - 63,Duck Feather,Firm Fill,17.25,
54 x 54cm duck feather,CUSTOM INSERTS,CUSTINNERS - 63,Duck Feather,Extra Firm Fill,17.85,
55 x 110cm duck feather,CUSTOM INSERTS,CUSTINNERS - 64,Duck Feather,Normal,52.00,
55 x 110cm duck feather,CUSTOM INSERTS,CUSTINNERS - 64,Duck Feather,Firm Fill,52.60,
55 x 110cm duck feather,CUSTOM INSERTS,CUSTINNERS - 64,Duck Feather,Extra Firm Fill,53.20,
55 x 30cm duck feather,CUSTOM INSERTS,CUSTINNERS - 65,Duck Feather,Normal,14.50,
55 x 30cm duck feather,CUSTOM INSERTS,CUSTINNERS - 65,Duck Feather,Firm Fill,15.10,
55 x 30cm duck feather,CUSTOM INSERTS,CUSTINNERS - 65,Duck Feather,Extra Firm Fill,15.70,
55 x 35cm duck feather,CUSTOM INSERTS,CUSTINNERS - 66,Duck Feather,Normal,14.50,
55 x 35cm duck feather,CUSTOM INSERTS,CUSTINNERS - 66,Duck Feather,Firm Fill,15.10,
55 x 35cm duck feather,CUSTOM INSERTS,CUSTINNERS - 66,Duck Feather,Extra Firm Fill,15.70,
55 x 45cm duck feather,CUSTOM INSERTS,CUSTINNERS - 67,Duck Feather,Normal,15.50,
55 x 45cm duck feather,CUSTOM INSERTS,CUSTINNERS - 67,Duck Feather,Firm Fill,16.10,
55 x 45cm duck feather,CUSTOM INSERTS,CUSTINNERS - 67,Duck Feather,Extra Firm Fill,16.70,
55 x 65cm duck feather,CUSTOM INSERTS,CUSTINNERS - 68,Duck Feather,Normal,19.00,
55 x 65cm duck feather,CUSTOM INSERTS,CUSTINNERS - 68,Duck Feather,Firm Fill,19.60,
55 x 65cm duck feather,CUSTOM INSERTS,CUSTINNERS - 68,Duck Feather,Extra Firm Fill,20.20,
60 x 120cm duck feather,CUSTOM INSERTS,CUSTINNERS - 69,Duck Feather,Normal,61.50,
60 x 120cm duck feather,CUSTOM INSERTS,CUSTINNERS - 69,Duck Feather,Firm Fill,62.10,
60 x 120cm duck feather,CUSTOM INSERTS,CUSTINNERS - 69,Duck Feather,Extra Firm Fill,62.70,
60 x 30cm duck feather,CUSTOM INSERTS,CUSTINNERS - 70,Duck Feather,Normal,14.50,
60 x 30cm duck feather,CUSTOM INSERTS,CUSTINNERS - 70,Duck Feather,Firm Fill,15.10,
60 x 30cm duck feather,CUSTOM INSERTS,CUSTINNERS - 70,Duck Feather,Extra Firm Fill,15.70,
60 x 45cm duck feather,CUSTOM INSERTS,CUSTINNERS - 71,Duck Feather,Normal,16.50,
60 x 45cm duck feather,CUSTOM INSERTS,CUSTINNERS - 71,Duck Feather,Firm Fill,17.10,
60 x 45cm duck feather,CUSTOM INSERTS,CUSTINNERS - 71,Duck Feather,Extra Firm Fill,17.70,
60 x 70cm duck feather,CUSTOM INSERTS,CUSTINNERS - 72,Duck Feather,Normal,26.00,
60 x 70cm duck feather,CUSTOM INSERTS,CUSTINNERS - 72,Duck Feather,Firm Fill,26.60,
60 x 70cm duck feather,CUSTOM INSERTS,CUSTINNERS - 72,Duck Feather,Extra Firm Fill,27.20,
60 x 90cm duck feather,CUSTOM INSERTS,CUSTINNERS - 73,Duck Feather,Normal,44.25,
60 x 90cm duck feather,CUSTOM INSERTS,CUSTINNERS - 73,Duck Feather,Firm Fill,44.85,
60 x 90cm duck feather,CUSTOM INSERTS,CUSTINNERS - 73,Duck Feather,Extra Firm Fill,45.45,
62 x 62cm duck feather,CUSTOM INSERTS,CUSTINNERS - 74,Duck Feather,Normal,20.00,
62 x 62cm duck feather,CUSTOM INSERTS,CUSTINNERS - 74,Duck Feather,Firm Fill,20.60,
62 x 62cm duck feather,CUSTOM INSERTS,CUSTINNERS - 74,Duck Feather,Extra Firm Fill,21.20,
63 x 63cm duck feather,CUSTOM INSERTS,CUSTINNERS - 75,Duck Feather,Normal,26.00,
63 x 63cm duck feather,CUSTOM INSERTS,CUSTINNERS - 75,Duck Feather,Firm Fill,26.60,
63 x 63cm duck feather,CUSTOM INSERTS,CUSTINNERS - 75,Duck Feather,Extra Firm Fill,27.20,
65 x 35cm duck feather,CUSTOM INSERTS,CUSTINNERS - 76,Duck Feather,Normal,15.50,
65 x 35cm duck feather,CUSTOM INSERTS,CUSTINNERS - 76,Duck Feather,Firm Fill,16.10,
65 x 35cm duck feather,CUSTOM INSERTS,CUSTINNERS - 76,Duck Feather,Extra Firm Fill,16.70,
65 x 60cm duck feather,CUSTOM INSERTS,CUSTINNERS - 77,Duck Feather,Normal,20.00,
65 x 60cm duck feather,CUSTOM INSERTS,CUSTINNERS - 77,Duck Feather,Firm Fill,20.60,
65 x 60cm duck feather,CUSTOM INSERTS,CUSTINNERS - 77,Duck Feather,Extra Firm Fill,21.20,
66 x 66cm duck feather,CUSTOM INSERTS,CUSTINNERS - 78,Duck Feather,Normal,27.00,
66 x 66cm duck feather,CUSTOM INSERTS,CUSTINNERS - 78,Duck Feather,Firm Fill,27.60,
66 x 66cm duck feather,CUSTOM INSERTS,CUSTINNERS - 78,Duck Feather,Extra Firm Fill,28.20,
68 x 68cm duck feather,CUSTOM INSERTS,CUSTINNERS - 79,Duck Feather,Normal,29.30,
68 x 68cm duck feather,CUSTOM INSERTS,CUSTINNERS - 79,Duck Feather,Firm Fill,29.90,
68 x 68cm duck feather,CUSTOM INSERTS,CUSTINNERS - 79,Duck Feather,Extra Firm Fill,30.50,
70 x 55cm duck feather,CUSTOM INSERTS,CUSTINNERS - 80,Duck Feather,Normal,20.00,
70 x 55cm duck feather,CUSTOM INSERTS,CUSTINNERS - 80,Duck Feather,Firm Fill,20.60,
70 x 55cm duck feather,CUSTOM INSERTS,CUSTINNERS - 80,Duck Feather,Extra Firm Fill,21.20,
70 x 70cm duck feather,CUSTOM INSERTS,CUSTINNERS - 81,Duck Feather,Normal,25.30,
70 x 70cm duck feather,CUSTOM INSERTS,CUSTINNERS - 81,Duck Feather,Firm Fill,25.90,
70 x 70cm duck feather,CUSTOM INSERTS,CUSTINNERS - 81,Duck Feather,Extra Firm Fill,26.50,
75 x 30cm duck feather,CUSTOM INSERTS,CUSTINNERS - 82,Duck Feather,Normal,16.50,
75 x 30cm duck feather,CUSTOM INSERTS,CUSTINNERS - 82,Duck Feather,Firm Fill,17.10,
75 x 30cm duck feather,CUSTOM INSERTS,CUSTINNERS - 82,Duck Feather,Extra Firm Fill,17.70,
75 x 35cm duck feather,CUSTOM INSERTS,CUSTINNERS - 83,Duck Feather,Normal,14.65,
75 x 35cm duck feather,CUSTOM INSERTS,CUSTINNERS - 83,Duck Feather,Firm Fill,15.25,
75 x 35cm duck feather,CUSTOM INSERTS,CUSTINNERS - 83,Duck Feather,Extra Firm Fill,15.85,
75 x 45cm duck feather,CUSTOM INSERTS,CUSTINNERS - 84,Duck Feather,Normal,19.00,
75 x 45cm duck feather,CUSTOM INSERTS,CUSTINNERS - 84,Duck Feather,Firm Fill,19.60,
75 x 45cm duck feather,CUSTOM INSERTS,CUSTINNERS - 84,Duck Feather,Extra Firm Fill,20.20,
75 x 60cm duck feather,CUSTOM INSERTS,CUSTINNERS - 85,Duck Feather,Normal,27.00,
75 x 60cm duck feather,CUSTOM INSERTS,CUSTINNERS - 85,Duck Feather,Firm Fill,27.60,
75 x 60cm duck feather,CUSTOM INSERTS,CUSTINNERS - 85,Duck Feather,Extra Firm Fill,28.20,
75 x 75cm duck feather,CUSTOM INSERTS,CUSTINNERS - 86,Duck Feather,Normal,40.25,
75 x 75cm duck feather,CUSTOM INSERTS,CUSTINNERS - 86,Duck Feather,Firm Fill,40.85,
75 x 75cm duck feather,CUSTOM INSERTS,CUSTINNERS - 86,Duck Feather,Extra Firm Fill,41.45,
80 x 55cm duck feather,CUSTOM INSERTS,CUSTINNERS - 87,Duck Feather,Normal,27.00,
80 x 55cm duck feather,CUSTOM INSERTS,CUSTINNERS - 87,Duck Feather,Firm Fill,27.60,
80 x 55cm duck feather,CUSTOM INSERTS,CUSTINNERS - 87,Duck Feather,Extra Firm Fill,28.20,
85 x 45cm duck feather,CUSTOM INSERTS,CUSTINNERS - 88,Duck Feather,Normal,26.00,
85 x 45cm duck feather,CUSTOM INSERTS,CUSTINNERS - 88,Duck Feather,Firm Fill,26.60,
85 x 45cm duck feather,CUSTOM INSERTS,CUSTINNERS - 88,Duck Feather,Extra Firm Fill,27.20,
85 x 55cm duck feather,CUSTOM INSERTS,CUSTINNERS - 89,Duck Feather,Normal,29.30,
85 x 55cm duck feather,CUSTOM INSERTS,CUSTINNERS - 89,Duck Feather,Firm Fill,29.90,
85 x 55cm duck feather,CUSTOM INSERTS,CUSTINNERS - 89,Duck Feather,Extra Firm Fill,30.50,
90 x 45cm duck feather,CUSTOM INSERTS,CUSTINNERS - 90,Duck Feather,Normal,29.30,
90 x 45cm duck feather,CUSTOM INSERTS,CUSTINNERS - 90,Duck Feather,Firm Fill,29.90,
90 x 45cm duck feather,CUSTOM INSERTS,CUSTINNERS - 90,Duck Feather,Extra Firm Fill,30.50,
70 long x 12cm diam duck feather,CUSTOM INSERTS,CUSTINNERS - 91,Duck Feather,Normal,35.00,
70 long x 12cm diam duck feather,CUSTOM INSERTS,CUSTINNERS - 91,Duck Feather,Firm Fill,35.60,
70 long x 12cm diam duck feather,CUSTOM INSERTS,CUSTINNERS - 91,Duck Feather,Extra Firm Fill,36.20,
50 long x 20cm diam duck feather,CUSTOM INSERTS,CUSTINNERS - 92,Duck Feather,Normal,30.00,
50 long x 20cm diam duck feather,CUSTOM INSERTS,CUSTINNERS - 92,Duck Feather,Firm Fill,30.60,
50 long x 20cm diam duck feather,CUSTOM INSERTS,CUSTINNERS - 92,Duck Feather,Extra Firm Fill,31.20,
60 long x 25cm diam duck feather,CUSTOM INSERTS,CUSTINNERS - 93,Duck Feather,Normal,35.00,
60 long x 25cm diam duck feather,CUSTOM INSERTS,CUSTINNERS - 93,Duck Feather,Firm Fill,35.60,
60 long x 25cm diam duck feather,CUSTOM INSERTS,CUSTINNERS - 93,Duck Feather,Extra Firm Fill,36.20,
45 long x 15cm diam duck feather,CUSTOM INSERTS,CUSTINNERS - 94,Duck Feather,Normal,30.00,
45 long x 15cm diam duck feather,CUSTOM INSERTS,CUSTINNERS - 94,Duck Feather,Firm Fill,30.60,
45 long x 15cm diam duck feather,CUSTOM INSERTS,CUSTINNERS - 94,Duck Feather,Extra Firm Fill,31.20,
130 long x 20cm diam duck feather,CUSTOM INSERTS,CUSTINNERS - 95,Duck Feather,Normal,85.00,
130 long x 20cm diam duck feather,CUSTOM INSERTS,CUSTINNERS - 95,Duck Feather,Firm Fill,85.60,
130 long x 20cm diam duck feather,CUSTOM INSERTS,CUSTINNERS - 95,Duck Feather,Extra Firm Fill,86.20,
70 long x 25cm diam duck feather,CUSTOM INSERTS,CUSTINNERS - 96,Duck Feather,Normal,40.00,
70 long x 25cm diam duck feather,CUSTOM INSERTS,CUSTINNERS - 96,Duck Feather,Firm Fill,40.60,
70 long x 25cm diam duck feather,CUSTOM INSERTS,CUSTINNERS - 96,Duck Feather,Extra Firm Fill,41.20,
95 long x 20cm diam duck feather,CUSTOM INSERTS,CUSTINNERS - 97,Duck Feather,Normal,70.00,
95 long x 20cm diam duck feather,CUSTOM INSERTS,CUSTINNERS - 97,Duck Feather,Firm Fill,70.60,
95 long x 20cm diam duck feather,CUSTOM INSERTS,CUSTINNERS - 97,Duck Feather,Extra Firm Fill,71.20,
130 long x 18cm diam duck feather,CUSTOM INSERTS,CUSTINNERS - 98,Duck Feather,Normal,85.00,
130 long x 18cm diam duck feather,CUSTOM INSERTS,CUSTINNERS - 98,Duck Feather,Firm Fill,85.60,
130 long x 18cm diam duck feather,CUSTOM INSERTS,CUSTINNERS - 98,Duck Feather,Extra Firm Fill,86.20,
55 long x 14cm diam duck feather,CUSTOM INSERTS,CUSTINNERS - 99,Duck Feather,Normal,30.00,
55 long x 14cm diam duck feather,CUSTOM INSERTS,CUSTINNERS - 99,Duck Feather,Firm Fill,30.60,
55 long x 14cm diam duck feather,CUSTOM INSERTS,CUSTINNERS - 99,Duck Feather,Extra Firm Fill,31.20,
120 long x 20cm diam duck feather,CUSTOM INSERTS,CUSTINNERS - 100,Duck Feather,Normal,75.00,
120 long x 20cm diam duck feather,CUSTOM INSERTS,CUSTINNERS - 100,Duck Feather,Firm Fill,75.60,
120 long x 20cm diam duck feather,CUSTOM INSERTS,CUSTINNERS - 100,Duck Feather,Extra Firm Fill,76.20,
80 long x 22cm diam duck feather,CUSTOM INSERTS,CUSTINNERS - 101,Duck Feather,Normal,85.00,
80 long x 22cm diam duck feather,CUSTOM INSERTS,CUSTINNERS - 101,Duck Feather,Firm Fill,85.60,
80 long x 22cm diam duck feather,CUSTOM INSERTS,CUSTINNERS - 101,Duck Feather,Extra Firm Fill,86.20,
63 long x 12cm diam duck feather,CUSTOM INSERTS,CUSTINNERS - 102,Duck Feather,Normal,30.00,
63 long x 12cm diam duck feather,CUSTOM INSERTS,CUSTINNERS - 102,Duck Feather,Firm Fill,30.60,
63 long x 12cm diam duck feather,CUSTOM INSERTS,CUSTINNERS - 102,Duck Feather,Extra Firm Fill,31.20,
40 long x 15cm diam duck feather,CUSTOM INSERTS,CUSTINNERS - 103,Duck Feather,Normal,25.00,
40 long x 15cm diam duck feather,CUSTOM INSERTS,CUSTINNERS - 103,Duck Feather,Firm Fill,25.60,
40 long x 15cm diam duck feather,CUSTOM INSERTS,CUSTINNERS - 103,Duck Feather,Extra Firm Fill,26.20,
55 long x 25cm diam duck feather,CUSTOM INSERTS,CUSTINNERS - 104,Duck Feather,Normal,45.00,
55 long x 25cm diam duck feather,CUSTOM INSERTS,CUSTINNERS - 104,Duck Feather,Firm Fill,45.60,
55 long x 25cm diam duck feather,CUSTOM INSERTS,CUSTINNERS - 104,Duck Feather,Extra Firm Fill,46.20,