Product Name,SKU,Category,Filling,Weight, Customer Price ,,,,,,,,
DUCK FEATHER & FOAM,BULK-01,BULK,MIX FILL,,$9.00,,,,,,,,
100% DUCK FEATHER,BULK-02,BULK,FEATHER,,$9.00,,,,,,,,
FEATHER & FIBRE,BULK-03,BULK,MIX FILL,,$10.00,,,,,,,,
15% DUCK DOWN 85% DUCK FEATHER,BULK-04,BULK,DOWN,,$18.00,,,,,,,,
30% DUCK DOWN 70% DUCK FEATHER,BULK-05,BULK,DOWN,,$26.00,,,,,,,,
50% DUCK DOWN 50% DUCK FEATHER,BULK-06,BULK,DOWN,,$46.00,,,,,,,,
80% DUCK DOWN 20% DUCK FEATHER,BULK-07,BULK,DOWN,,$81.00,,,,,,,,
80% GOOSE DOWN 20% GOOSE FEATHER,BULK-08,BULK,DOWN,,$135.00,,,,,,,,
FEATHER/FIBRE/DOWN,BULK-09,BULK,MIX FILL,,$35.00,,,,,,,,
230CM COTTON JAPARA,BULK-10,BULK,JAPARA,,$10.00,,,,,,,,
Bolster 120cm long x 18cm dia. Feather & Fibre,INSTERS-320,INSERTS,Duck Feather ,,$28.00,,,,,,,,
30 x 50cm d/feather inserts,INSTERS-319,INSERTS,Duck Feather ,,$9.45,,,,,,,,
40 x 80cm d/feather inserts,INSTERS-318,INSERTS,Duck Feather ,,$13.65,,,,,,,,
45cm round d/feather insert,INSTERS-317,INSERTS,Duck Feather ,,$10.50,,,,,,,,
50 x 50cm d/feather inserts,INSTERS-316,INSERTS,Duck Feather ,,$9.45,,,,,,,,
55 x 55cm duck feather insert,INSTERS-315,INSERTS,Duck Feather ,,$10.50,,,,,,,,
60 x 60cm d/feather inserts,INSTERS-314,INSERTS,Duck Feather ,,$12.60,,,,,,,,
65 x 40cm d/feather inserts,INSTERS-313,INSERTS,Duck Feather ,,$12.60,,,,,,,,
60cm long x 18cm diam d/feather bolster,INSTERS-312,INSERTS,Duck Feather ,,$17.85,,,,,,,,
30X55CM - (34X58CM),INSTERS-01,INSERTS,Duck Feather - Foam,Normal,$16.00,,,,,,,,
30X55CM - (34X58CM),INSTERS-02,INSERTS,Duck Feather - Foam,Firm Fill,$16.60,,,,,,,,
30X55CM - (34X58CM),INSTERS-03,INSERTS,Duck Feather - Foam,Extra Firm Fill,$17.20,,,,,,,,
30X55CM - (34X58CM),INSTERS-04,INSERTS,Duck Feather - Fibre,Normal,$16.00,,,,,,,,
30X55CM - (34X58CM),INSTERS-05,INSERTS,Duck Feather - Fibre,Firm Fill,$16.60,,,,,,,,
30X55CM - (34X58CM),INSTERS-06,INSERTS,Duck Feather - Fibre,Extra Firm Fill,$17.20,,,,,,,,
30X55CM - (34X58CM),INSTERS-07,INSERTS,100% Polyester,Normal,$16.00,,,,,,,,
30X55CM - (34X58CM),INSTERS-08,INSERTS,100% Polyester,Firm Fill,$16.60,,,,,,,,
30X55CM - (34X58CM),INSTERS-09,INSERTS,100% Polyester,Extra Firm Fill,$17.20,,,,,,,,
30X55CM - (34X58CM),INSTERS-10,INSERTS,30% Down 70% Feather,Normal,$27.50,,,,,,,,
30X55CM - (34X58CM),INSTERS-11,INSERTS,30% Down 70% Feather,Firm Fill,$30.10,,,,,,,,
30X55CM - (34X58CM),INSTERS-12,INSERTS,30% Down 70% Feather,Extra Firm Fill,$32.70,,,,,,,,
30X55CM - (34X58CM),INSTERS-13,INSERTS,50% Down 50% Feather,Normal,$36.80,,,,,,,,
30X55CM - (34X58CM),INSTERS-14,INSERTS,50% Down 50% Feather,Firm Fill,$39.40,,,,,,,,
30X55CM - (34X58CM),INSTERS-15,INSERTS,50% Down 50% Feather,Extra Firm Fill,$42.00,,,,,,,,
30X55CM - (34X58CM),INSTERS-16,INSERTS,80% Down 20% Feather,Normal,$52.50,,,,,,,,
30X55CM - (34X58CM),INSTERS-17,INSERTS,80% Down 20% Feather,Firm Fill,$55.10,,,,,,,,
30X55CM - (34X58CM),INSTERS-18,INSERTS,80% Down 20% Feather,Extra Firm Fill,$57.70,,,,,,,,
40X40CM - (43X43CM),INSTERS-19,INSERTS,100% Feather,Normal,$9.20,,,,,,,,
40X40CM - (43X43CM),INSTERS-20,INSERTS,100% Feather,Firm Fill,$9.80,,,,,,,,
40X40CM - (43X43CM),INSTERS-21,INSERTS,100% Feather,Extra Firm Fill,$10.40,,,,,,,,
40X40CM - (43X43CM),INSTERS-22,INSERTS,Duck Feather - Foam,Normal,$11.00,,,,,,,,
40X40CM - (43X43CM),INSTERS-23,INSERTS,Duck Feather - Foam,Firm Fill,$11.60,,,,,,,,
40X40CM - (43X43CM),INSTERS-24,INSERTS,Duck Feather - Foam,Extra Firm Fill,$12.20,,,,,,,,
40X40CM - (43X43CM),INSTERS-25,INSERTS,Duck Feather - Fibre,Normal,$11.00,,,,,,,,
40X40CM - (43X43CM),INSTERS-26,INSERTS,Duck Feather - Fibre,Firm Fill,$11.60,,,,,,,,
40X40CM - (43X43CM),INSTERS-27,INSERTS,Duck Feather - Fibre,Extra Firm Fill,$12.20,,,,,,,,
40X40CM - (43X43CM),INSTERS-28,INSERTS,100% Polyester,Normal,$11.00,,,,,,,,
40X40CM - (43X43CM),INSTERS-29,INSERTS,100% Polyester,Firm Fill,$11.60,,,,,,,,
40X40CM - (43X43CM),INSTERS-30,INSERTS,100% Polyester,Extra Firm Fill,$12.20,,,,,,,,
40X40CM - (43X43CM),INSTERS-31,INSERTS,30% Down 70% Feather,Normal,$19.00,,,,,,,,
40X40CM - (43X43CM),INSTERS-32,INSERTS,30% Down 70% Feather,Firm Fill,$21.60,,,,,,,,
40X40CM - (43X43CM),INSTERS-33,INSERTS,30% Down 70% Feather,Extra Firm Fill,$24.20,,,,,,,,
40X40CM - (43X43CM),INSTERS-34,INSERTS,50% Down 50% Feather,Normal,$27.00,,,,,,,,
40X40CM - (43X43CM),INSTERS-35,INSERTS,50% Down 50% Feather,Firm Fill,$29.60,,,,,,,,
40X40CM - (43X43CM),INSTERS-36,INSERTS,50% Down 50% Feather,Extra Firm Fill,$32.20,,,,,,,,
40X40CM - (43X43CM),INSTERS-37,INSERTS,80% Down 20% Feather,Normal,$44.00,,,,,,,,
40X40CM - (43X43CM),INSTERS-38,INSERTS,80% Down 20% Feather,Firm Fill,$46.60,,,,,,,,
40X40CM - (43X43CM),INSTERS-39,INSERTS,80% Down 20% Feather,Extra Firm Fill,$49.20,,,,,,,,
45X45CM - (48X48CM),INSTERS-40,INSERTS,100% Feather,Normal,$10.50,,,,,,,,
45X45CM - (48X48CM),INSTERS-41,INSERTS,100% Feather,Firm Fill,$11.10,,,,,,,,
45X45CM - (48X48CM),INSTERS-42,INSERTS,100% Feather,Extra Firm Fill,$11.70,,,,,,,,
45X45CM - (48X48CM),INSTERS-43,INSERTS,Duck Feather - Foam,Normal,$12.00,,,,,,,,
45X45CM - (48X48CM),INSTERS-44,INSERTS,Duck Feather - Foam,Firm Fill,$12.60,,,,,,,,
45X45CM - (48X48CM),INSTERS-45,INSERTS,Duck Feather - Foam,Extra Firm Fill,$13.20,,,,,,,,
45X45CM - (48X48CM),INSTERS-46,INSERTS,Duck Feather - Fibre,Normal,$12.00,,,,,,,,
45X45CM - (48X48CM),INSTERS-47,INSERTS,Duck Feather - Fibre,Firm Fill,$12.60,,,,,,,,
45X45CM - (48X48CM),INSTERS-48,INSERTS,Duck Feather - Fibre,Extra Firm Fill,$13.20,,,,,,,,
45X45CM - (48X48CM),INSTERS-49,INSERTS,100% Polyester,Normal,$12.00,,,,,,,,
45X45CM - (48X48CM),INSTERS-50,INSERTS,100% Polyester,Firm Fill,$12.60,,,,,,,,
45X45CM - (48X48CM),INSTERS-51,INSERTS,100% Polyester,Extra Firm Fill,$13.20,,,,,,,,
45X45CM - (48X48CM),INSTERS-52,INSERTS,30% Down 70% Feather,Normal,$23.50,,,,,,,,
45X45CM - (48X48CM),INSTERS-53,INSERTS,30% Down 70% Feather,Firm Fill,$26.10,,,,,,,,
45X45CM - (48X48CM),INSTERS-54,INSERTS,30% Down 70% Feather,Extra Firm Fill,$28.70,,,,,,,,
45X45CM - (48X48CM),INSTERS-55,INSERTS,50% Down 50% Feather,Normal,$32.80,,,,,,,,
45X45CM - (48X48CM),INSTERS-56,INSERTS,50% Down 50% Feather,Firm Fill,$35.40,,,,,,,,
45X45CM - (48X48CM),INSTERS-57,INSERTS,50% Down 50% Feather,Extra Firm Fill,$38.00,,,,,,,,
45X45CM - (48X48CM),INSTERS-58,INSERTS,80% Down 20% Feather,Normal,$48.50,,,,,,,,
45X45CM - (48X48CM),INSTERS-59,INSERTS,80% Down 20% Feather,Firm Fill,$51.10,,,,,,,,
45X45CM - (48X48CM),INSTERS-60,INSERTS,80% Down 20% Feather,Extra Firm Fill,$53.70,,,,,,,,
40X80CM - (43X83CM),INSTERS-61,INSERTS,100% Feather,Normal,$19.00,,,,,,,,
40X80CM - (43X83CM),INSTERS-62,INSERTS,100% Feather,Firm Fill,$19.60,,,,,,,,
40X80CM - (43X83CM),INSTERS-63,INSERTS,100% Feather,Extra Firm Fill,$20.20,,,,,,,,
40X80CM - (43X83CM),INSTERS-64,INSERTS,Duck Feather - Foam,Normal,$21.25,,,,,,,,
40X80CM - (43X83CM),INSTERS-65,INSERTS,Duck Feather - Foam,Firm Fill,$21.85,,,,,,,,
40X80CM - (43X83CM),INSTERS-66,INSERTS,Duck Feather - Foam,Extra Firm Fill,$22.45,,,,,,,,
40X80CM - (43X83CM),INSTERS-67,INSERTS,Duck Feather - Fibre,Normal,$21.25,,,,,,,,
40X80CM - (43X83CM),INSTERS-68,INSERTS,Duck Feather - Fibre,Firm Fill,$21.85,,,,,,,,
40X80CM - (43X83CM),INSTERS-69,INSERTS,Duck Feather - Fibre,Extra Firm Fill,$22.45,,,,,,,,
40X80CM - (43X83CM),INSTERS-70,INSERTS,100% Polyester,Normal,$21.25,,,,,,,,
40X80CM - (43X83CM),INSTERS-71,INSERTS,100% Polyester,Firm Fill,$21.85,,,,,,,,
40X80CM - (43X83CM),INSTERS-72,INSERTS,100% Polyester,Extra Firm Fill,$22.45,,,,,,,,
40X80CM - (43X83CM),INSTERS-73,INSERTS,30% Down 70% Feather,Normal,$43.00,,,,,,,,
40X80CM - (43X83CM),INSTERS-74,INSERTS,30% Down 70% Feather,Firm Fill,$45.60,,,,,,,,
40X80CM - (43X83CM),INSTERS-75,INSERTS,30% Down 70% Feather,Extra Firm Fill,$48.20,,,,,,,,
40X80CM - (43X83CM),INSTERS-76,INSERTS,50% Down 50% Feather,Normal,$68.40,,,,,,,,
40X80CM - (43X83CM),INSTERS-77,INSERTS,50% Down 50% Feather,Firm Fill,$71.00,,,,,,,,
40X80CM - (43X83CM),INSTERS-78,INSERTS,50% Down 50% Feather,Extra Firm Fill,$73.60,,,,,,,,
40X80CM - (43X83CM),INSTERS-79,INSERTS,80% Down 20% Feather,Normal,$83.00,,,,,,,,
40X80CM - (43X83CM),INSTERS-80,INSERTS,80% Down 20% Feather,Firm Fill,$85.60,,,,,,,,
40X80CM - (43X83CM),INSTERS-81,INSERTS,80% Down 20% Feather,Extra Firm Fill,$88.20,,,,,,,,
45X70CM - (48X73CM),INSTERS-82,INSERTS,100% Feather,Normal,$17.65,,,,,,,,
45X70CM - (48X73CM),INSTERS-83,INSERTS,100% Feather,Firm Fill,$18.25,,,,,,,,
45X70CM - (48X73CM),INSTERS-84,INSERTS,100% Feather,Extra Firm Fill,$18.85,,,,,,,,
45X70CM - (48X73CM),INSTERS-85,INSERTS,Duck Feather - Foam,Normal,$20.00,,,,,,,,
45X70CM - (48X73CM),INSTERS-86,INSERTS,Duck Feather - Foam,Firm Fill,$20.60,,,,,,,,
45X70CM - (48X73CM),INSTERS-87,INSERTS,Duck Feather - Foam,Extra Firm Fill,$21.20,,,,,,,,
45X70CM - (48X73CM),INSTERS-88,INSERTS,Duck Feather - Fibre,Normal,$20.00,,,,,,,,
45X70CM - (48X73CM),INSTERS-89,INSERTS,Duck Feather - Fibre,Firm Fill,$20.60,,,,,,,,
45X70CM - (48X73CM),INSTERS-90,INSERTS,Duck Feather - Fibre,Extra Firm Fill,$21.20,,,,,,,,
45X70CM - (48X73CM),INSTERS-91,INSERTS,100% Polyester,Normal,$20.00,,,,,,,,
45X70CM - (48X73CM),INSTERS-92,INSERTS,100% Polyester,Firm Fill,$20.60,,,,,,,,
45X70CM - (48X73CM),INSTERS-93,INSERTS,100% Polyester,Extra Firm Fill,$21.20,,,,,,,,
45X70CM - (48X73CM),INSTERS-94,INSERTS,30% Down 70% Feather,Normal,$36.70,,,,,,,,
45X70CM - (48X73CM),INSTERS-95,INSERTS,30% Down 70% Feather,Firm Fill,$39.30,,,,,,,,
45X70CM - (48X73CM),INSTERS-96,INSERTS,30% Down 70% Feather,Extra Firm Fill,$41.90,,,,,,,,
45X70CM - (48X73CM),INSTERS-97,INSERTS,50% Down 50% Feather,Normal,$52.15,,,,,,,,
45X70CM - (48X73CM),INSTERS-98,INSERTS,50% Down 50% Feather,Firm Fill,$54.75,,,,,,,,
45X70CM - (48X73CM),INSTERS-99,INSERTS,50% Down 50% Feather,Extra Firm Fill,$57.35,,,,,,,,
45X70CM - (48X73CM),INSTERS-100,INSERTS,80% Down 20% Feather,Normal,$73.00,,,,,,,,
45X70CM - (48X73CM),INSTERS-101,INSERTS,80% Down 20% Feather,Firm Fill,$75.60,,,,,,,,
45X70CM - (48X73CM),INSTERS-102,INSERTS,80% Down 20% Feather,Extra Firm Fill,$78.20,,,,,,,,
50X110CM - (53X113CM),INSTERS-103,INSERTS,100% Feather,Normal,$46.00,,,,,,,,
50X110CM - (53X113CM),INSTERS-104,INSERTS,100% Feather,Firm Fill,$46.60,,,,,,,,
50X110CM - (53X113CM),INSTERS-105,INSERTS,100% Feather,Extra Firm Fill,$47.20,,,,,,,,
50X110CM - (53X113CM),INSTERS-106,INSERTS,Duck Feather - Foam,Normal,$46.00,,,,,,,,
50X110CM - (53X113CM),INSTERS-107,INSERTS,Duck Feather - Foam,Firm Fill,$46.60,,,,,,,,
50X110CM - (53X113CM),INSTERS-108,INSERTS,Duck Feather - Foam,Extra Firm Fill,$47.20,,,,,,,,
50X110CM - (53X113CM),INSTERS-109,INSERTS,Duck Feather - Fibre,Normal,$46.00,,,,,,,,
50X110CM - (53X113CM),INSTERS-110,INSERTS,Duck Feather - Fibre,Firm Fill,$46.60,,,,,,,,
50X110CM - (53X113CM),INSTERS-111,INSERTS,Duck Feather - Fibre,Extra Firm Fill,$47.20,,,,,,,,
50X110CM - (53X113CM),INSTERS-112,INSERTS,100% Polyester,Normal,$46.00,,,,,,,,
50X110CM - (53X113CM),INSTERS-113,INSERTS,100% Polyester,Firm Fill,$46.60,,,,,,,,
50X110CM - (53X113CM),INSTERS-114,INSERTS,100% Polyester,Extra Firm Fill,$47.20,,,,,,,,
50X110CM - (53X113CM),INSTERS-115,INSERTS,30% Down 70% Feather,Normal,$91.00,,,,,,,,
50X110CM - (53X113CM),INSTERS-116,INSERTS,30% Down 70% Feather,Firm Fill,$93.60,,,,,,,,
50X110CM - (53X113CM),INSTERS-117,INSERTS,30% Down 70% Feather,Extra Firm Fill,$96.20,,,,,,,,
50X110CM - (53X113CM),INSTERS-118,INSERTS,50% Down 50% Feather,Normal,$109.25,,,,,,,,
50X110CM - (53X113CM),INSTERS-119,INSERTS,50% Down 50% Feather,Firm Fill,$111.85,,,,,,,,
50X110CM - (53X113CM),INSTERS-120,INSERTS,50% Down 50% Feather,Extra Firm Fill,$114.45,,,,,,,,
50X110CM - (53X113CM),INSTERS-121,INSERTS,80% Down 20% Feather,Normal,$132.25,,,,,,,,
50X110CM - (53X113CM),INSTERS-122,INSERTS,80% Down 20% Feather,Firm Fill,$134.85,,,,,,,,
50X110CM - (53X113CM),INSTERS-123,INSERTS,80% Down 20% Feather,Extra Firm Fill,$137.45,,,,,,,,
50X30CM - (53X33CM),INSTERS-124,INSERTS,100% Feather,Normal,$13.20,,,,,,,,
50X30CM - (53X33CM),INSTERS-125,INSERTS,100% Feather,Firm Fill,$13.80,,,,,,,,
50X30CM - (53X33CM),INSTERS-126,INSERTS,100% Feather,Extra Firm Fill,$14.40,,,,,,,,
50X30CM - (53X33CM),INSTERS-127,INSERTS,Duck Feather - Foam,Normal,$15.00,,,,,,,,
50X30CM - (53X33CM),INSTERS-128,INSERTS,Duck Feather - Foam,Firm Fill,$15.60,,,,,,,,
50X30CM - (53X33CM),INSTERS-129,INSERTS,Duck Feather - Foam,Extra Firm Fill,$16.20,,,,,,,,
50X30CM - (53X33CM),INSTERS-130,INSERTS,Duck Feather - Fibre,Normal,$15.00,,,,,,,,
50X30CM - (53X33CM),INSTERS-131,INSERTS,Duck Feather - Fibre,Firm Fill,$15.60,,,,,,,,
50X30CM - (53X33CM),INSTERS-132,INSERTS,Duck Feather - Fibre,Extra Firm Fill,$16.20,,,,,,,,
50X30CM - (53X33CM),INSTERS-133,INSERTS,100% Polyester,Normal,$15.00,,,,,,,,
50X30CM - (53X33CM),INSTERS-134,INSERTS,100% Polyester,Firm Fill,$15.60,,,,,,,,
50X30CM - (53X33CM),INSTERS-135,INSERTS,100% Polyester,Extra Firm Fill,$16.20,,,,,,,,
50X30CM - (53X33CM),INSTERS-136,INSERTS,30% Down 70% Feather,Normal,$23.00,,,,,,,,
50X30CM - (53X33CM),INSTERS-137,INSERTS,30% Down 70% Feather,Firm Fill,$25.60,,,,,,,,
50X30CM - (53X33CM),INSTERS-138,INSERTS,30% Down 70% Feather,Extra Firm Fill,$28.20,,,,,,,,
50X30CM - (53X33CM),INSTERS-139,INSERTS,50% Down 50% Feather,Normal,$31.00,,,,,,,,
50X30CM - (53X33CM),INSTERS-140,INSERTS,50% Down 50% Feather,Firm Fill,$33.60,,,,,,,,
50X30CM - (53X33CM),INSTERS-141,INSERTS,50% Down 50% Feather,Extra Firm Fill,$36.20,,,,,,,,
50X30CM - (53X33CM),INSTERS-142,INSERTS,80% Down 20% Feather,Normal,$48.00,,,,,,,,
50X30CM - (53X33CM),INSTERS-143,INSERTS,80% Down 20% Feather,Firm Fill,$50.60,,,,,,,,
50X30CM - (53X33CM),INSTERS-144,INSERTS,80% Down 20% Feather,Extra Firm Fill,$53.20,,,,,,,,
50X50CM - (53X53CM),INSTERS-145,INSERTS,100% Feather,Normal,$11.50,,,,,,,,
50X50CM - (53X53CM),INSTERS-146,INSERTS,100% Feather,Firm Fill,$12.10,,,,,,,,
50X50CM - (53X53CM),INSTERS-147,INSERTS,100% Feather,Extra Firm Fill,$12.70,,,,,,,,
50X50CM - (53X53CM),INSTERS-148,INSERTS,Duck Feather - Foam,Normal,$13.50,,,,,,,,
50X50CM - (53X53CM),INSTERS-149,INSERTS,Duck Feather - Foam,Firm Fill,$14.10,,,,,,,,
50X50CM - (53X53CM),INSTERS-150,INSERTS,Duck Feather - Foam,Extra Firm Fill,$14.70,,,,,,,,
50X50CM - (53X53CM),INSTERS-151,INSERTS,Duck Feather - Fibre,Normal,$13.50,,,,,,,,
50X50CM - (53X53CM),INSTERS-152,INSERTS,Duck Feather - Fibre,Firm Fill,$14.10,,,,,,,,
50X50CM - (53X53CM),INSTERS-153,INSERTS,Duck Feather - Fibre,Extra Firm Fill,$14.70,,,,,,,,
50X50CM - (53X53CM),INSTERS-154,INSERTS,100% Polyester,Normal,$13.50,,,,,,,,
50X50CM - (53X53CM),INSTERS-155,INSERTS,100% Polyester,Firm Fill,$14.10,,,,,,,,
50X50CM - (53X53CM),INSTERS-156,INSERTS,100% Polyester,Extra Firm Fill,$14.70,,,,,,,,
50X50CM - (53X53CM),INSTERS-157,INSERTS,30% Down 70% Feather,Normal,$26.50,,,,,,,,
50X50CM - (53X53CM),INSTERS-158,INSERTS,30% Down 70% Feather,Firm Fill,$29.10,,,,,,,,
50X50CM - (53X53CM),INSTERS-159,INSERTS,30% Down 70% Feather,Extra Firm Fill,$31.70,,,,,,,,
50X50CM - (53X53CM),INSTERS-160,INSERTS,50% Down 50% Feather,Normal,$45.00,,,,,,,,
50X50CM - (53X53CM),INSTERS-161,INSERTS,50% Down 50% Feather,Firm Fill,$47.60,,,,,,,,
50X50CM - (53X53CM),INSTERS-162,INSERTS,50% Down 50% Feather,Extra Firm Fill,$50.20,,,,,,,,
50X50CM - (53X53CM),INSTERS-163,INSERTS,80% Down 20% Feather,Normal,$56.00,,,,,,,,
50X50CM - (53X53CM),INSTERS-164,INSERTS,80% Down 20% Feather,Firm Fill,$58.60,,,,,,,,
50X50CM - (53X53CM),INSTERS-165,INSERTS,80% Down 20% Feather,Extra Firm Fill,$61.20,,,,,,,,
50X80CM - (53X83CM),INSTERS-166,INSERTS,100% Feather,Normal,$26.00,,,,,,,,
50X80CM - (53X83CM),INSTERS-167,INSERTS,100% Feather,Firm Fill,$28.60,,,,,,,,
50X80CM - (53X83CM),INSTERS-168,INSERTS,100% Feather,Extra Firm Fill,$31.20,,,,,,,,
50X80CM - (53X83CM),INSTERS-169,INSERTS,Duck Feather - Foam,Normal,$32.75,,,,,,,,
50X80CM - (53X83CM),INSTERS-170,INSERTS,Duck Feather - Foam,Firm Fill,$26.60,,,,,,,,
50X80CM - (53X83CM),INSTERS-171,INSERTS,Duck Feather - Foam,Extra Firm Fill,$27.20,,,,,,,,
50X80CM - (53X83CM),INSTERS-172,INSERTS,Duck Feather - Fibre,Normal,$32.75,,,,,,,,
50X80CM - (53X83CM),INSTERS-173,INSERTS,Duck Feather - Fibre,Firm Fill,$33.35,,,,,,,,
50X80CM - (53X83CM),INSTERS-174,INSERTS,Duck Feather - Fibre,Extra Firm Fill,$33.95,,,,,,,,
50X80CM - (53X83CM),INSTERS-175,INSERTS,100% Polyester,Normal,$32.75,,,,,,,,
50X80CM - (53X83CM),INSTERS-176,INSERTS,100% Polyester,Firm Fill,$33.35,,,,,,,,
50X80CM - (53X83CM),INSTERS-177,INSERTS,100% Polyester,Extra Firm Fill,$33.95,,,,,,,,
50X80CM - (53X83CM),INSTERS-178,INSERTS,30% Down 70% Feather,Normal,$58.60,,,,,,,,
50X80CM - (53X83CM),INSTERS-179,INSERTS,30% Down 70% Feather,Firm Fill,$61.20,,,,,,,,
50X80CM - (53X83CM),INSTERS-180,INSERTS,30% Down 70% Feather,Extra Firm Fill,$63.80,,,,,,,,
50X80CM - (53X83CM),INSTERS-181,INSERTS,50% Down 50% Feather,Normal,$80.50,,,,,,,,
50X80CM - (53X83CM),INSTERS-182,INSERTS,50% Down 50% Feather,Firm Fill,$83.10,,,,,,,,
50X80CM - (53X83CM),INSTERS-183,INSERTS,50% Down 50% Feather,Extra Firm Fill,$85.70,,,,,,,,
50X80CM - (53X83CM),INSTERS-184,INSERTS,80% Down 20% Feather,Normal,$95.00,,,,,,,,
50X80CM - (53X83CM),INSTERS-185,INSERTS,80% Down 20% Feather,Firm Fill,$97.60,,,,,,,,
50X80CM - (53X83CM),INSTERS-186,INSERTS,80% Down 20% Feather,Extra Firm Fill,$100.20,,,,,,,,
50X90CM - (53X93CM),INSTERS-187,INSERTS,100% Feather,Normal,$29.30,,,,,,,,
50X90CM - (53X93CM),INSTERS-188,INSERTS,100% Feather,Firm Fill,$31.90,,,,,,,,
50X90CM - (53X93CM),INSTERS-189,INSERTS,100% Feather,Extra Firm Fill,$34.50,,,,,,,,
50X90CM - (53X93CM),INSTERS-190,INSERTS,Duck Feather - Foam,Normal,$38.50,,,,,,,,
50X90CM - (53X93CM),INSTERS-191,INSERTS,Duck Feather - Foam,Firm Fill,$41.10,,,,,,,,
50X90CM - (53X93CM),INSTERS-192,INSERTS,Duck Feather - Foam,Extra Firm Fill,$43.70,,,,,,,,
50X90CM - (53X93CM),INSTERS-193,INSERTS,Duck Feather - Fibre,Normal,$38.50,,,,,,,,
50X90CM - (53X93CM),INSTERS-194,INSERTS,Duck Feather - Fibre,Firm Fill,$29.90,,,,,,,,
50X90CM - (53X93CM),INSTERS-195,INSERTS,Duck Feather - Fibre,Extra Firm Fill,$30.50,,,,,,,,
50X90CM - (53X93CM),INSTERS-196,INSERTS,100% Polyester,Normal,$38.50,,,,,,,,
50X90CM - (53X93CM),INSTERS-197,INSERTS,100% Polyester,Firm Fill,$29.90,,,,,,,,
50X90CM - (53X93CM),INSTERS-198,INSERTS,100% Polyester,Extra Firm Fill,$30.50,,,,,,,,
50X90CM - (53X93CM),INSTERS-199,INSERTS,30% Down 70% Feather,Normal,$71.00,,,,,,,,
50X90CM - (53X93CM),INSTERS-200,INSERTS,30% Down 70% Feather,Firm Fill,$73.60,,,,,,,,
50X90CM - (53X93CM),INSTERS-201,INSERTS,30% Down 70% Feather,Extra Firm Fill,$76.20,,,,,,,,
50X90CM - (53X93CM),INSTERS-202,INSERTS,50% Down 50% Feather,Normal,$92.55,,,,,,,,
50X90CM - (53X93CM),INSTERS-203,INSERTS,50% Down 50% Feather,Firm Fill,$95.15,,,,,,,,
50X90CM - (53X93CM),INSTERS-204,INSERTS,50% Down 50% Feather,Extra Firm Fill,$97.75,,,,,,,,
50X90CM - (53X93CM),INSTERS-205,INSERTS,80% Down 20% Feather,Normal,$107.00,,,,,,,,
50X90CM - (53X93CM),INSTERS-206,INSERTS,80% Down 20% Feather,Firm Fill,$109.60,,,,,,,,
50X90CM - (53X93CM),INSTERS-207,INSERTS,80% Down 20% Feather,Extra Firm Fill,$112.20,,,,,,,,
55X55CM - (58X58CM),INSTERS-208,INSERTS,100% Feather,Normal,$12.00,,,,,,,,
55X55CM - (58X58CM),INSTERS-209,INSERTS,100% Feather,Firm Fill,$12.60,,,,,,,,
55X55CM - (58X58CM),INSTERS-210,INSERTS,100% Feather,Extra Firm Fill,$13.20,,,,,,,,
55X55CM - (58X58CM),INSTERS-211,INSERTS,Duck Feather - Foam,Normal,$15.00,,,,,,,,
55X55CM - (58X58CM),INSTERS-212,INSERTS,Duck Feather - Foam,Firm Fill,$15.60,,,,,,,,
55X55CM - (58X58CM),INSTERS-213,INSERTS,Duck Feather - Foam,Extra Firm Fill,$16.20,,,,,,,,
55X55CM - (58X58CM),INSTERS-214,INSERTS,Duck Feather - Fibre,Normal,$15.00,,,,,,,,
55X55CM - (58X58CM),INSTERS-215,INSERTS,Duck Feather - Fibre,Firm Fill,$15.60,,,,,,,,
55X55CM - (58X58CM),INSTERS-216,INSERTS,Duck Feather - Fibre,Extra Firm Fill,$16.20,,,,,,,,
55X55CM - (58X58CM),INSTERS-217,INSERTS,100% Polyester,Normal,$15.00,,,,,,,,
55X55CM - (58X58CM),INSTERS-218,INSERTS,100% Polyester,Firm Fill,$15.60,,,,,,,,
55X55CM - (58X58CM),INSTERS-219,INSERTS,100% Polyester,Extra Firm Fill,$16.20,,,,,,,,
55X55CM - (58X58CM),INSTERS-220,INSERTS,30% Down 70% Feather,Normal,$30.25,,,,,,,,
55X55CM - (58X58CM),INSTERS-221,INSERTS,30% Down 70% Feather,Firm Fill,$32.85,,,,,,,,
55X55CM - (58X58CM),INSTERS-222,INSERTS,30% Down 70% Feather,Extra Firm Fill,$35.45,,,,,,,,
55X55CM - (58X58CM),INSTERS-223,INSERTS,50% Down 50% Feather,Normal,$45.10,,,,,,,,
55X55CM - (58X58CM),INSTERS-224,INSERTS,50% Down 50% Feather,Firm Fill,$47.70,,,,,,,,
55X55CM - (58X58CM),INSTERS-225,INSERTS,50% Down 50% Feather,Extra Firm Fill,$50.30,,,,,,,,
55X55CM - (58X58CM),INSTERS-226,INSERTS,80% Down 20% Feather,Normal,$65.00,,,,,,,,
55X55CM - (58X58CM),INSTERS-227,INSERTS,80% Down 20% Feather,Firm Fill,$67.60,,,,,,,,
55X55CM - (58X58CM),INSTERS-228,INSERTS,80% Down 20% Feather,Extra Firm Fill,$70.20,,,,,,,,
60X40CM - (63X43CM),INSTERS-229,INSERTS,100% Feather,Normal,$15.50,,,,,,,,
60X40CM - (63X43CM),INSTERS-230,INSERTS,100% Feather,Firm Fill,$16.10,,,,,,,,
60X40CM - (63X43CM),INSTERS-231,INSERTS,100% Feather,Extra Firm Fill,$16.70,,,,,,,,
60X40CM - (63X43CM),INSTERS-232,INSERTS,Duck Feather - Foam,Normal,$17.50,,,,,,,,
60X40CM - (63X43CM),INSTERS-233,INSERTS,Duck Feather - Foam,Firm Fill,$18.10,,,,,,,,
60X40CM - (63X43CM),INSTERS-234,INSERTS,Duck Feather - Foam,Extra Firm Fill,$18.70,,,,,,,,
60X40CM - (63X43CM),INSTERS-235,INSERTS,Duck Feather - Fibre,Normal,$17.50,,,,,,,,
60X40CM - (63X43CM),INSTERS-236,INSERTS,Duck Feather - Fibre,Firm Fill,$18.10,,,,,,,,
60X40CM - (63X43CM),INSTERS-237,INSERTS,Duck Feather - Fibre,Extra Firm Fill,$18.70,,,,,,,,
60X40CM - (63X43CM),INSTERS-238,INSERTS,100% Polyester,Normal,$17.50,,,,,,,,
60X40CM - (63X43CM),INSTERS-239,INSERTS,100% Polyester,Firm Fill,$18.10,,,,,,,,
60X40CM - (63X43CM),INSTERS-240,INSERTS,100% Polyester,Extra Firm Fill,$18.70,,,,,,,,
60X40CM - (63X43CM),INSTERS-241,INSERTS,30% Down 70% Feather,Normal,$30.50,,,,,,,,
60X40CM - (63X43CM),INSTERS-242,INSERTS,30% Down 70% Feather,Firm Fill,$33.10,,,,,,,,
60X40CM - (63X43CM),INSTERS-243,INSERTS,30% Down 70% Feather,Extra Firm Fill,$35.70,,,,,,,,
60X40CM - (63X43CM),INSTERS-244,INSERTS,50% Down 50% Feather,Normal,$49.00,,,,,,,,
60X40CM - (63X43CM),INSTERS-245,INSERTS,50% Down 50% Feather,Firm Fill,$51.60,,,,,,,,
60X40CM - (63X43CM),INSTERS-246,INSERTS,50% Down 50% Feather,Extra Firm Fill,$54.20,,,,,,,,
60X40CM - (63X43CM),INSTERS-247,INSERTS,80% Down 20% Feather,Normal,$60.00,,,,,,,,
60X40CM - (63X43CM),INSTERS-248,INSERTS,80% Down 20% Feather,Firm Fill,$62.60,,,,,,,,
60X40CM - (63X43CM),INSTERS-249,INSERTS,80% Down 20% Feather,Extra Firm Fill,$65.20,,,,,,,,
60X60CM - (63X63CM),INSTERS-250,INSERTS,100% Feather,Normal,$15.00,,,,,,,,
60X60CM - (63X63CM),INSTERS-251,INSERTS,100% Feather,Firm Fill,$15.60,,,,,,,,
60X60CM - (63X63CM),INSTERS-252,INSERTS,100% Feather,Extra Firm Fill,$16.20,,,,,,,,
60X60CM - (63X63CM),INSTERS-253,INSERTS,Duck Feather - Foam,Normal,$17.25,,,,,,,,
60X60CM - (63X63CM),INSTERS-254,INSERTS,Duck Feather - Foam,Firm Fill,$17.85,,,,,,,,
60X60CM - (63X63CM),INSTERS-255,INSERTS,Duck Feather - Foam,Extra Firm Fill,$18.45,,,,,,,,
60X60CM - (63X63CM),INSTERS-256,INSERTS,Duck Feather - Fibre,Normal,$17.25,,,,,,,,
60X60CM - (63X63CM),INSTERS-257,INSERTS,Duck Feather - Fibre,Firm Fill,$17.85,,,,,,,,
60X60CM - (63X63CM),INSTERS-258,INSERTS,Duck Feather - Fibre,Extra Firm Fill,$18.45,,,,,,,,
60X60CM - (63X63CM),INSTERS-259,INSERTS,100% Polyester,Normal,$17.25,,,,,,,,
60X60CM - (63X63CM),INSTERS-260,INSERTS,100% Polyester,Firm Fill,$17.85,,,,,,,,
60X60CM - (63X63CM),INSTERS-261,INSERTS,100% Polyester,Extra Firm Fill,$18.45,,,,,,,,
60X60CM - (63X63CM),INSTERS-262,INSERTS,30% Down 70% Feather,Normal,$39.00,,,,,,,,
60X60CM - (63X63CM),INSTERS-263,INSERTS,30% Down 70% Feather,Firm Fill,$41.60,,,,,,,,
60X60CM - (63X63CM),INSTERS-264,INSERTS,30% Down 70% Feather,Extra Firm Fill,$44.20,,,,,,,,
60X60CM - (63X63CM),INSTERS-265,INSERTS,50% Down 50% Feather,Normal,$64.40,,,,,,,,
60X60CM - (63X63CM),INSTERS-266,INSERTS,50% Down 50% Feather,Firm Fill,$67.00,,,,,,,,
60X60CM - (63X63CM),INSTERS-267,INSERTS,50% Down 50% Feather,Extra Firm Fill,$69.60,,,,,,,,
60X60CM - (63X63CM),INSTERS-268,INSERTS,80% Down 20% Feather,Normal,$79.00,,,,,,,,
60X60CM - (63X63CM),INSTERS-269,INSERTS,80% Down 20% Feather,Firm Fill,$81.60,,,,,,,,
60X60CM - (63X63CM),INSTERS-270,INSERTS,80% Down 20% Feather,Extra Firm Fill,$84.20,,,,,,,,
65X40CM - (68X43CM),INSTERS-271,INSERTS,100% Feather,Normal,$16.50,,,,,,,,
65X40CM - (68X43CM),INSTERS-272,INSERTS,100% Feather,Firm Fill,$17.10,,,,,,,,
65X40CM - (68X43CM),INSTERS-273,INSERTS,100% Feather,Extra Firm Fill,$17.70,,,,,,,,
65X40CM - (68X43CM),INSTERS-274,INSERTS,Duck Feather - Foam,Normal,$18.50,,,,,,,,
65X40CM - (68X43CM),INSTERS-275,INSERTS,Duck Feather - Foam,Firm Fill,$19.10,,,,,,,,
65X40CM - (68X43CM),INSTERS-276,INSERTS,Duck Feather - Foam,Extra Firm Fill,$19.70,,,,,,,,
65X40CM - (68X43CM),INSTERS-277,INSERTS,Duck Feather - Fibre,Normal,$18.50,,,,,,,,
65X40CM - (68X43CM),INSTERS-278,INSERTS,Duck Feather - Fibre,Firm Fill,$19.10,,,,,,,,
65X40CM - (68X43CM),INSTERS-279,INSERTS,Duck Feather - Fibre,Extra Firm Fill,$19.70,,,,,,,,
65X40CM - (68X43CM),INSTERS-280,INSERTS,100% Polyester,Normal,$18.50,,,,,,,,
65X40CM - (68X43CM),INSTERS-281,INSERTS,100% Polyester,Firm Fill,$19.10,,,,,,,,
65X40CM - (68X43CM),INSTERS-282,INSERTS,100% Polyester,Extra Firm Fill,$19.70,,,,,,,,
65X40CM - (68X43CM),INSTERS-283,INSERTS,30% Down 70% Feather,Normal,$31.50,,,,,,,,
65X40CM - (68X43CM),INSTERS-284,INSERTS,30% Down 70% Feather,Firm Fill,$34.10,,,,,,,,
65X40CM - (68X43CM),INSTERS-285,INSERTS,30% Down 70% Feather,Extra Firm Fill,$36.70,,,,,,,,
65X40CM - (68X43CM),INSTERS-286,INSERTS,50% Down 50% Feather,Normal,$50.00,,,,,,,,
65X40CM - (68X43CM),INSTERS-287,INSERTS,50% Down 50% Feather,Firm Fill,$52.60,,,,,,,,
65X40CM - (68X43CM),INSTERS-288,INSERTS,50% Down 50% Feather,Extra Firm Fill,$55.20,,,,,,,,
65X40CM - (68X43CM),INSTERS-289,INSERTS,80% Down 20% Feather,Normal,$61.00,,,,,,,,
65X40CM - (68X43CM),INSTERS-290,INSERTS,80% Down 20% Feather,Firm Fill,$63.60,,,,,,,,
65X40CM - (68X43CM),INSTERS-291,INSERTS,80% Down 20% Feather,Extra Firm Fill,$66.20,,,,,,,,
65X65CM - (68X68CM),INSTERS-292,INSERTS,100% Feather,Normal,$22.00,,,,,,,,
65X65CM - (68X68CM),INSTERS-293,INSERTS,100% Feather,Firm Fill,$22.60,,,,,,,,
65X65CM - (68X68CM),INSTERS-294,INSERTS,100% Feather,Extra Firm Fill,$23.20,,,,,,,,
65X65CM - (68X68CM),INSTERS-295,INSERTS,Duck Feather - Foam,Normal,$28.75,,,,,,,,
65X65CM - (68X68CM),INSTERS-296,INSERTS,Duck Feather - Foam,Firm Fill,$29.35,,,,,,,,
65X65CM - (68X68CM),INSTERS-297,INSERTS,Duck Feather - Foam,Extra Firm Fill,$29.95,,,,,,,,
65X65CM - (68X68CM),INSTERS-298,INSERTS,Duck Feather - Fibre,Normal,$28.75,,,,,,,,
65X65CM - (68X68CM),INSTERS-299,INSERTS,Duck Feather - Fibre,Firm Fill,$29.35,,,,,,,,
65X65CM - (68X68CM),INSTERS-300,INSERTS,Duck Feather - Fibre,Extra Firm Fill,$29.95,,,,,,,,
65X65CM - (68X68CM),INSTERS-301,INSERTS,100% Polyester,Normal,$28.75,,,,,,,,
65X65CM - (68X68CM),INSTERS-302,INSERTS,100% Polyester,Firm Fill,$29.35,,,,,,,,
65X65CM - (68X68CM),INSTERS-303,INSERTS,100% Polyester,Extra Firm Fill,$29.95,,,,,,,,
65X65CM - (68X68CM),INSTERS-304,INSERTS,30% Down 70% Feather,Normal,$54.60,,,,,,,,
65X65CM - (68X68CM),INSTERS-305,INSERTS,30% Down 70% Feather,Firm Fill,$57.20,,,,,,,,
65X65CM - (68X68CM),INSTERS-306,INSERTS,30% Down 70% Feather,Extra Firm Fill,$59.80,,,,,,,,
65X65CM - (68X68CM),INSTERS-307,INSERTS,50% Down 50% Feather,Normal,$76.50,,,,,,,,
65X65CM - (68X68CM),INSTERS-308,INSERTS,50% Down 50% Feather,Firm Fill,$79.10,,,,,,,,
65X65CM - (68X68CM),INSTERS-309,INSERTS,50% Down 50% Feather,Extra Firm Fill,$81.70,,,,,,,,
65X65CM - (68X68CM),INSTERS-310,INSERTS,80% Down 20% Feather,Normal,$91.00,,,,,,,,
65X65CM - (68X68CM),INSTERS-311,INSERTS,80% Down 20% Feather,Firm Fill,$93.60,,,,,,,,
65X65CM - (68X68CM),INSTERS-312,INSERTS,80% Down 20% Feather,Extra Firm Fill,$96.20,,,,,,,,
SINGLE 140X214CM - MATTRESS TOPPER FILLED,PFH-01,MATTRESS TOPPER FILLED,Duck,,$71.00,,,,,,,,
SINGLE 140X214CM - MATTRESS TOPPER FILLED,PFH-02,MATTRESS TOPPER FILLED,Goose,,$88.00,,,,,,,,
DOUBLE 184X214CM - MATTRESS TOPPER FILLED,PFH-03,MATTRESS TOPPER FILLED,Duck,,$100.50,,,,,,,,
DOUBLE 184X214CM - MATTRESS TOPPER FILLED,PFH-04,MATTRESS TOPPER FILLED,Goose,,$110.00,,,,,,,,
KING SINGLE - MATTRESS TOPPER FILLED,PFH-05,MATTRESS TOPPER FILLED,Duck,,$100.50,,,,,,,,
KING SINGLE - MATTRESS TOPPER FILLED,PFH-06,MATTRESS TOPPER FILLED,Goose,,$110.00,,,,,,,,
QUEEN - MATTRESS TOPPER FILLED,PFH-07,MATTRESS TOPPER FILLED,Duck,,$106.50,,,,,,,,
QUEEN - MATTRESS TOPPER FILLED,PFH-08,MATTRESS TOPPER FILLED,Goose,,$133.00,,,,,,,,
KING - MATTRESS TOPPER FILLED,PFH-09,MATTRESS TOPPER FILLED,Duck,,$120.50,,,,,,,,
KING - MATTRESS TOPPER FILLED,PFH-10,MATTRESS TOPPER FILLED,Goose,,$156.50,,,,,,,,
DOUBLE 184X214CM - MICROSOFT,PFH-11,MICROSOFT,Polyester,,$45.00,,,,,,,,
KING 244X214CM - MICROSOFT,PFH-12,MICROSOFT,Polyester,,$56.00,,,,,,,,
QUEEN 214X214CM - MICROSOFT,PFH-13,MICROSOFT,Polyester,,$50.00,,,,,,,,
SINGLE 140X214CM - MICROSOFT,PFH-14,MICROSOFT,Polyester,,$35.00,,,,,,,,
45X70CM - (48X73CM) - PIPED PILLOWS,PFH-15,PIPED PILLOWS,100% Feather,Duck,$20.00,,,,,,,,
45X70CM - (48X73CM) - PIPED PILLOWS,PFH-16,PIPED PILLOWS,30% Down 70% Feather,Duck,$32.00,,,,,,,,
45X70CM - (48X73CM) - PIPED PILLOWS,PFH-17,PIPED PILLOWS,50% Down 50% Feather,Duck,$40.00,,,,,,,,
45X70CM - (48X73CM) - PIPED PILLOWS,PFH-18,PIPED PILLOWS,80% Down 20% Feather,Duck,$60.00,,,,,,,,
45X70CM - (48X73CM) - PIPED PILLOWS,PFH-19,PIPED PILLOWS,80% Down 20% Feather,Goose,$95.00,,,,,,,,
50X80CM - (53X83CM) - PIPED PILLOWS,PFH-20,PIPED PILLOWS,100% Feather,Duck,$25.00,,,,,,,,
50X80CM - (53X83CM) - PIPED PILLOWS,PFH-21,PIPED PILLOWS,30% Down 70% Feather,Duck,$51.00,,,,,,,,
50X80CM - (53X83CM) - PIPED PILLOWS,PFH-22,PIPED PILLOWS,50% Down 50% Feather,Duck,$65.00,,,,,,,,
50X80CM - (53X83CM) - PIPED PILLOWS,PFH-23,PIPED PILLOWS,80% Down 20% Feather,Duck,$87.50,,,,,,,,
50X80CM - (53X83CM) - PIPED PILLOWS,PFH-24,PIPED PILLOWS,80% Down 20% Feather,Goose,$120.00,,,,,,,,
50X90CM - (53X93CM) - PIPED PILLOWS,PFH-25,PIPED PILLOWS,100% Feather,Duck,$25.00,,,,,,,,
50X90CM - (53X93CM) - PIPED PILLOWS,PFH-26,PIPED PILLOWS,30% Down 70% Feather,Duck,$51.00,,,,,,,,
50X90CM - (53X93CM) - PIPED PILLOWS,PFH-27,PIPED PILLOWS,50% Down 50% Feather,Duck,$65.00,,,,,,,,
50X90CM - (53X93CM) - PIPED PILLOWS,PFH-28,PIPED PILLOWS,80% Down 20% Feather,Duck,$87.50,,,,,,,,
50X90CM - (53X93CM) - PIPED PILLOWS,PFH-29,PIPED PILLOWS,80% Down 20% Feather,Goose,$120.00,,,,,,,,
65 X 65CM (68X68CM) - PIPED PILLOWS,PFH-30,PIPED PILLOWS,100% Feather,Duck,$25.00,,,,,,,,
65 X 65CM (68X68CM) - PIPED PILLOWS,PFH-31,PIPED PILLOWS,30% Down 70% Feather,Duck,$51.00,,,,,,,,
65 X 65CM (68X68CM) - PIPED PILLOWS,PFH-32,PIPED PILLOWS,50% Down 50% Feather,Duck,$65.00,,,,,,,,
65 X 65CM (68X68CM) - PIPED PILLOWS,PFH-33,PIPED PILLOWS,80% Down 20% Feather,Duck,$87.50,,,,,,,,
65 X 65CM (68X68CM) - PIPED PILLOWS,PFH-34,PIPED PILLOWS,80% Down 20% Feather,Goose,$120.00,,,,,,,,
SINGLE - 4 SEASONS FILLED,PFH-35,4 SEASONS FILLED,Duck,,$136.50,,,,,,,,
SINGLE - 4 SEASONS FILLED,PFH-36,4 SEASONS FILLED,Goose,,$180.00,,,,,,,,
DOUBLE - 4 SEASONS FILLED,PFH-37,4 SEASONS FILLED,Duck,,$159.00,,,,,,,,
DOUBLE - 4 SEASONS FILLED,PFH-38,4 SEASONS FILLED,Goose,,$205.00,,,,,,,,
QUEEN - 4 SEASONS FILLED,PFH-39,4 SEASONS FILLED,Duck,,$186.00,,,,,,,,
QUEEN - 4 SEASONS FILLED,PFH-40,4 SEASONS FILLED,Goose,,$245.00,,,,,,,,
KING - 4 SEASONS FILLED,PFH-41,4 SEASONS FILLED,Duck,,$210.00,,,,,,,,
KING - 4 SEASONS FILLED,PFH-42,4 SEASONS FILLED,Goose,,$265.00,,,,,,,,
SUPER KING - 4 SEASONS FILLED,PFH-43,4 SEASONS FILLED,Duck,,$280.00,,,,,,,,
SUPER KING - 4 SEASONS FILLED,PFH-44,4 SEASONS FILLED,Goose,,$340.00,,,,,,,,
SINGLE - 50% DUCK WINTER FILLED,PFH-45,50% DUCK WINTER FILLED,Duck,,$80.00,,,,,,,,
DOUBLE - 50% DUCK WINTER FILLED,PFH-46,50% DUCK WINTER FILLED,Duck,,$90.00,,,,,,,,
QUEEN - 50% DUCK WINTER FILLED,PFH-47,50% DUCK WINTER FILLED,Duck,,$105.00,,,,,,,,
KING - 50% DUCK WINTER FILLED,PFH-48,50% DUCK WINTER FILLED,Duck,,$120.00,,,,,,,,
SUPER KING - 50% DUCK WINTER FILLED,PFH-49,50% DUCK WINTER FILLED,Duck,,$145.00,,,,,,,,
SINGLE - 50% MID WARM FILLED,PFH-50,50% MID WARM FILLED,Duck,,$70.00,,,,,,,,
DOUBLE - 50% MID WARM FILLED,PFH-51,50% MID WARM FILLED,Duck,,$80.00,,,,,,,,
QUEEN - 50% MID WARM FILLED,PFH-52,50% MID WARM FILLED,Duck,,$95.00,,,,,,,,
KING - 50% MID WARM FILLED,PFH-53,50% MID WARM FILLED,Duck,,$105.00,,,,,,,,
SUPER KING - 50% MID WARM FILLED,PFH-54,50% MID WARM FILLED,Duck,,$135.00,,,,,,,,
SINGLE - 80% MID WARM FILLED,PFH-55,80% MID WARM FILLED,Duck,,$95.00,,,,,,,,
SINGLE - 80% MID WARM FILLED,PFH-56,80% MID WARM FILLED,Goose,,$149.00,,,,,,,,
SINGLE - 80% MID WARM FILLED,PFH-57,80% MID WARM FILLED,Hungarian,,$159.00,,,,,,,,
DOUBLE - 80% MID WARM FILLED,PFH-58,80% MID WARM FILLED,Duck,,$110.00,,,,,,,,
DOUBLE - 80% MID WARM FILLED,PFH-59,80% MID WARM FILLED,Goose,,$173.00,,,,,,,,
DOUBLE - 80% MID WARM FILLED,PFH-60,80% MID WARM FILLED,Hungarian,,$183.00,,,,,,,,
QUEEN - 80% MID WARM FILLED,PFH-61,80% MID WARM FILLED,Duck,,$127.50,,,,,,,,
QUEEN - 80% MID WARM FILLED,PFH-62,80% MID WARM FILLED,Goose,,$197.00,,,,,,,,
QUEEN - 80% MID WARM FILLED,PFH-63,80% MID WARM FILLED,Hungarian,,$216.50,,,,,,,,
KING - 80% MID WARM FILLED,PFH-64,80% MID WARM FILLED,Duck,,$140.50,,,,,,,,
KING - 80% MID WARM FILLED,PFH-65,80% MID WARM FILLED,Goose,,$224.50,,,,,,,,
KING - 80% MID WARM FILLED,PFH-66,80% MID WARM FILLED,Hungarian,,$232.00,,,,,,,,
SUPER KING - 80% MID WARM FILLED,PFH-67,80% MID WARM FILLED,Duck,,$182.00,,,,,,,,
SUPER KING - 80% MID WARM FILLED,PFH-68,80% MID WARM FILLED,Goose,,$309.50,,,,,,,,
SUPER KING - 80% MID WARM FILLED,PFH-69,80% MID WARM FILLED,Hungarian,,$314.00,,,,,,,,
SINGLE - 80% WINTER FILLED,PFH-70,80% WINTER FILLED,Duck,,$105.00,,,,,,,,
SINGLE - 80% WINTER FILLED,PFH-71,80% WINTER FILLED,Goose,,$160.00,,,,,,,,
DOUBLE - 80% WINTER FILLED,PFH-72,80% WINTER FILLED,Duck,,$120.00,,,,,,,,
DOUBLE - 80% WINTER FILLED,PFH-73,80% WINTER FILLED,Goose,,$185.00,,,,,,,,
QUEEN - 80% WINTER FILLED,PFH-74,80% WINTER FILLED,Duck,,$140.00,,,,,,,,
QUEEN - 80% WINTER FILLED,PFH-75,80% WINTER FILLED,Goose,,$215.00,,,,,,,,
KING - 80% WINTER FILLED,PFH-76,80% WINTER FILLED,Duck,,$160.00,,,,,,,,
KING - 80% WINTER FILLED,PFH-77,80% WINTER FILLED,Goose,,$245.00,,,,,,,,
SUPER KING - 80% WINTER FILLED,PFH-78,80% WINTER FILLED,Duck,,$230.00,,,,,,,,
SUPER KING - 80% WINTER FILLED,PFH-79,80% WINTER FILLED,Goose,,$330.00,,,,,,,,
45X70CM - (48X73CM) 80 - CHAMBER PILLOW,PFH-80,CHAMBER PILLOW,Duck,,$40.00,,,,,,,,
50X90CM - (53X93CM) 80 - CHAMBER PILLOW,PFH-81,CHAMBER PILLOW,Duck,,$62.00,,,,,,,,
45X70CM - (48X73CM) 50 - CHAMBER PILLOW,PFH-82,CHAMBER PILLOW,Duck,,$32.00,,,,,,,,
50X90CM - (53X93CM) 50 - CHAMBER PILLOW,PFH-83,CHAMBER PILLOW,Duck,,,,,,,,,,
45X70CM - (48X73CM) - STRIP PILLOW,PFH-84,STRIP PILLOW,Hungarian,,$105.00,,,,,,,,
50X90CM - (53X93CM) - STRIP PILLOW,PFH-85,STRIP PILLOW,Hungarian,,$113.00,,,,,,,,
SINGLE - STRIPPED QUILT,PFH-86,STRIPPED QUILT,Hungarian,,$142.20,,,,,,,,
DOUBLE - STRIPPED QUILT,PFH-87,STRIPPED QUILT,Hungarian,,$173.70,,,,,,,,
QUEEN - STRIPPED QUILT,PFH-88,STRIPPED QUILT,Hungarian,,$188.20,,,,,,,,
KING - STRIPPED QUILT,PFH-89,STRIPPED QUILT,Hungarian,,$209.20,,,,,,,,
SUPER KING - STRIPPED QUILT,PFH-90,STRIPPED QUILT,Hungarian,,$276.20,,,,,,,,
Double/Queen 230 x 240cms 450gms - SILVER BLANKET,PFH-91,SILVER BLANKET,Silver Blanket,,$70.00,,,,,,,,
King/Super King 270 x 240cms 535 gms - SILVER BLANKET,PFH-92,SILVER BLANKET,Silver Blanket,,$81.00,,,,,,,,
Single/ King Single 180 x 230gms 300gms - SILVER BLANKET,PFH-93,SILVER BLANKET,Silver Blanket,,$56.00,,,,,,,,
Double/Queen 230 x 240cms 450gms - KHAKI BLANKET,PFH-94,KHAKI BLANKET,Khaki Blanket,,$70.00,,,,,,,,
King/Super King 270 x 240cms 535 gms - KHAKI BLANKET,PFH-95,KHAKI BLANKET,Khaki Blanket,,$81.00,,,,,,,,
Single/ King Single 180 x 230gms 300gms - KHAKI BLANKET,PFH-96,KHAKI BLANKET,Khaki Blanket,,$56.00,,,,,,,,