Product Name,SKU,Category,Filling,Weight, Customer Price 
SINGLE - 4 SEASONS FILLED,SEAS-034,4 SEASONS FILLED,Duck,,$157.00 
SINGLE - 4 SEASONS FILLED,SEAS-034,4 SEASONS FILLED,Goose,,$207.00 
DOUBLE - 4 SEASONS FILLED,SEAS-035,4 SEASONS FILLED,Duck,,$183.00 
DOUBLE - 4 SEASONS FILLED,SEAS-035,4 SEASONS FILLED,Goose,,$236.00 
QUEEN - 4 SEASONS FILLED,SEAS-036,4 SEASONS FILLED,Duck,,$214.00 
QUEEN - 4 SEASONS FILLED,SEAS-036,4 SEASONS FILLED,Goose,,$282.00 
KING - 4 SEASONS FILLED,SEAS-037,4 SEASONS FILLED,Duck,,$241.50 
KING - 4 SEASONS FILLED,SEAS-037,4 SEASONS FILLED,Goose,,$305.00 
SUPER KING - 4 SEASONS FILLED,SEAS-038,4 SEASONS FILLED,Duck,,$322.00 
SUPER KING - 4 SEASONS FILLED,SEAS-038,4 SEASONS FILLED,Goose,,$391.00 
SINGLE - 50% DUCK WINTER FILLED,DUCK-055,50% DUCK WINTER FILLED,Duck,,$92.00 
DOUBLE - 50% DUCK WINTER FILLED,DUCK-056,50% DUCK WINTER FILLED,Duck,,$103.50 
QUEEN - 50% DUCK WINTER FILLED,DUCK-057,50% DUCK WINTER FILLED,Duck,,$121.00 
KING - 50% DUCK WINTER FILLED,DUCK-058,50% DUCK WINTER FILLED,Duck,,$138.00 
SUPER KING - 50% DUCK WINTER FILLED,DUCK-059,50% DUCK WINTER FILLED,Duck,,$167.00 
SINGLE - 50% MID WARM FILLED,MIDW-060,50% MID WARM FILLED,Duck,,$80.50 
DOUBLE - 50% MID WARM FILLED,MIDW-061,50% MID WARM FILLED,Duck,,$92.00 
QUEEN - 50% MID WARM FILLED,MIDW-062,50% MID WARM FILLED,Duck,,$109.50 
KING - 50% MID WARM FILLED,MIDW-063,50% MID WARM FILLED,Duck,,$121.00 
SUPER KING - 50% MID WARM FILLED,MIDW-064,50% MID WARM FILLED,Duck,,$155.50 
SINGLE - 80% MID WARM FILLED,MIDW-050,80% MID WARM FILLED,Duck,,$109.50 
SINGLE - 80% MID WARM FILLED,MIDW-050,80% MID WARM FILLED,Goose,,$171.50 
SINGLE - 80% MID WARM FILLED,MIDW-050,80% MID WARM FILLED,Hungarian,,$183.00 
DOUBLE - 80% MID WARM FILLED,MIDW-051,80% MID WARM FILLED,Duck,,$126.50 
DOUBLE - 80% MID WARM FILLED,MIDW-051,80% MID WARM FILLED,Goose,,$199.00 
DOUBLE - 80% MID WARM FILLED,MIDW-051,80% MID WARM FILLED,Hungarian,,$210.50 
QUEEN - 80% MID WARM FILLED,MIDW-052,80% MID WARM FILLED,Duck,,$147.00 
QUEEN - 80% MID WARM FILLED,MIDW-052,80% MID WARM FILLED,Goose,,$226.50 
QUEEN - 80% MID WARM FILLED,MIDW-052,80% MID WARM FILLED,Hungarian,,$249.00 
KING - 80% MID WARM FILLED,MIDW-053,80% MID WARM FILLED,Duck,,$161.50 
KING - 80% MID WARM FILLED,MIDW-053,80% MID WARM FILLED,Goose,,$258.50 
KING - 80% MID WARM FILLED,MIDW-053,80% MID WARM FILLED,Hungarian,,$267.00 
SUPER KING - 80% MID WARM FILLED,MIDW-054,80% MID WARM FILLED,Duck,,$209.50 
SUPER KING - 80% MID WARM FILLED,MIDW-054,80% MID WARM FILLED,Goose,,$356.00 
SUPER KING - 80% MID WARM FILLED,MIDW-054,80% MID WARM FILLED,Hungarian,,$362.00 
SINGLE - 80% WINTER FILLED,WINT-045,80% WINTER FILLED,Duck,,$121.00 
SINGLE - 80% WINTER FILLED,WINT-045,80% WINTER FILLED,Goose,,$184.00 
DOUBLE - 80% WINTER FILLED,WINT-046,80% WINTER FILLED,Duck,,$140.00 
DOUBLE - 80% WINTER FILLED,WINT-046,80% WINTER FILLED,Goose,,$213.00 
QUEEN - 80% WINTER FILLED,WINT-047,80% WINTER FILLED,Duck,,$167.00 
QUEEN - 80% WINTER FILLED,WINT-047,80% WINTER FILLED,Goose,,$247.50 
KING - 80% WINTER FILLED,WINT-048,80% WINTER FILLED,Duck,,$189.00 
KING - 80% WINTER FILLED,WINT-048,80% WINTER FILLED,Goose,,$282.00 
SUPER KING - 80% WINTER FILLED,WINT-049,80% WINTER FILLED,Duck,,$265.50 
SUPER KING - 80% WINTER FILLED,WINT-049,80% WINTER FILLED,Goose,,$379.50 
45X70CM 80 CHAMBER PILLOW,CHAM-039,CHAMBER PILLOW,Duck,,$46.00 
50X90CM 80 CHAMBER PILLOW,CHAM-040,CHAMBER PILLOW,Duck,,
45X70CM 50 CHAMBER PILLOW,CHAM-039,CHAMBER PILLOW,Duck,,$37.00 
50X90CM 50 CHAMBER PILLOW,CHAM-040,CHAMBER PILLOW,Duck,,
45 x 45 x 6cm duck feather inserts ,SC-01,INSERTS,100% Feather,,$13.20 
45 x 23 x 6cm duck feather inserts,SC-02,INSERTS,100% Feather,,$11.00 
55 x 28 x 8cm duck feather inserts,SC-03,INSERTS,100% Feather,,$13.20 
55cm round x 10cm border duck feather inserts ,SC-04,INSERTS,100% Feather,,$21.00 
65 x 65 x 8cm Duck Feather inserts ,SC-05,INSERTS,100% Feather,,$22.55 
55 x 55 x 6cm duck feather inserts,SC-06,INSERTS,100% Feather,,$16.50 
30X55CM,INSE-001,INSERTS,100% Feather,Normal,$14.50 
30X55CM,INSE-001,INSERTS,100% Feather,Firm Fill,$15.10 
30X55CM,INSE-001,INSERTS,100% Feather,Extra Firm Fill,$15.70 
30X55CM,INSE-001,INSERTS,Duck Feather - Foam,Normal,$16.00 
30X55CM ,INSE-001,INSERTS,Duck Feather - Foam,Firm Fill,$16.60 
30X55CM ,INSE-001,INSERTS,Duck Feather - Foam,Extra Firm Fill,$17.20 
30X55CM ,INSE-001,INSERTS,Duck Feather - Fibre,Normal,$16.00 
30X55CM ,INSE-001,INSERTS,Duck Feather - Fibre,Firm Fill,$16.60 
30X55CM ,INSE-001,INSERTS,Duck Feather - Fibre,Extra Firm Fill,$17.20 
30X55CM ,INSE-001,INSERTS,100% Polyester,Normal,$16.00 
30X55CM ,INSE-001,INSERTS,100% Polyester,Firm Fill,$16.60 
30X55CM ,INSE-001,INSERTS,100% Polyester,Extra Firm Fill,$17.20 
30X55CM ,INSE-001,INSERTS,30% Down 70% Feather,Normal,$27.50 
30X55CM ,INSE-001,INSERTS,30% Down 70% Feather,Firm Fill,$30.10 
30X55CM ,INSE-001,INSERTS,30% Down 70% Feather,Extra Firm Fill,$32.70 
30X55CM ,INSE-001,INSERTS,50% Down 50% Feather,Normal,$36.80 
30X55CM ,INSE-001,INSERTS,50% Down 50% Feather,Firm Fill,$39.40 
30X55CM ,INSE-001,INSERTS,50% Down 50% Feather,Extra Firm Fill,$42.00 
30X55CM ,INSE-001,INSERTS,80% Down 20% Feather,Normal,$52.50 
30X55CM ,INSE-001,INSERTS,80% Down 20% Feather,Firm Fill,$55.10 
30X55CM ,INSE-001,INSERTS,80% Down 20% Feather,Extra Firm Fill,$57.70 
40X40CM,INSE-002,INSERTS,100% Feather,Normal,$9.20 
40X40CM,INSE-002,INSERTS,100% Feather,Firm Fill,$9.80 
40X40CM,INSE-002,INSERTS,100% Feather,Extra Firm Fill,$10.40 
40X40CM,INSE-002,INSERTS,Duck Feather - Foam,Normal,$11.00 
40X40CM,INSE-002,INSERTS,Duck Feather - Foam,Firm Fill,$11.60 
40X40CM,INSE-002,INSERTS,Duck Feather - Foam,Extra Firm Fill,$12.20 
40X40CM,INSE-002,INSERTS,Duck Feather - Fibre,Normal,$11.00 
40X40CM,INSE-002,INSERTS,Duck Feather - Fibre,Firm Fill,$11.60 
40X40CM,INSE-002,INSERTS,Duck Feather - Fibre,Extra Firm Fill,$12.20 
40X40CM,INSE-002,INSERTS,100% Polyester,Normal,$11.00 
40X40CM,INSE-002,INSERTS,100% Polyester,Firm Fill,$11.60 
40X40CM,INSE-002,INSERTS,100% Polyester,Extra Firm Fill,$12.20 
40X40CM,INSE-002,INSERTS,30% Down 70% Feather,Normal,$19.00 
40X40CM,INSE-002,INSERTS,30% Down 70% Feather,Firm Fill,$21.60 
40X40CM,INSE-002,INSERTS,30% Down 70% Feather,Extra Firm Fill,$24.20 
40X40CM,INSE-002,INSERTS,50% Down 50% Feather,Normal,$27.00 
40X40CM,INSE-002,INSERTS,50% Down 50% Feather,Firm Fill,$29.60 
40X40CM,INSE-002,INSERTS,50% Down 50% Feather,Extra Firm Fill,$32.20 
40X40CM,INSE-002,INSERTS,80% Down 20% Feather,Normal,$44.00 
40X40CM,INSE-002,INSERTS,80% Down 20% Feather,Firm Fill,$46.60 
40X40CM,INSE-002,INSERTS,80% Down 20% Feather,Extra Firm Fill,$49.20 
45X45CM ,INSE-003,INSERTS,100% Feather,Normal,$10.50 
45X45CM ,INSE-003,INSERTS,100% Feather,Firm Fill,$11.10 
45X45CM ,INSE-003,INSERTS,100% Feather,Extra Firm Fill,$11.70 
45X45CM ,INSE-003,INSERTS,Duck Feather - Foam,Normal,$12.00 
45X45CM ,INSE-003,INSERTS,Duck Feather - Foam,Firm Fill,$12.60 
45X45CM ,INSE-003,INSERTS,Duck Feather - Foam,Extra Firm Fill,$13.20 
45X45CM ,INSE-003,INSERTS,Duck Feather - Fibre,Normal,$12.00 
45X45CM ,INSE-003,INSERTS,Duck Feather - Fibre,Firm Fill,$12.60 
45X45CM ,INSE-003,INSERTS,Duck Feather - Fibre,Extra Firm Fill,$13.20 
45X45CM ,INSE-003,INSERTS,100% Polyester,Normal,$12.00 
45X45CM ,INSE-003,INSERTS,100% Polyester,Firm Fill,$12.60 
45X45CM ,INSE-003,INSERTS,100% Polyester,Extra Firm Fill,$13.20 
45X45CM ,INSE-003,INSERTS,30% Down 70% Feather,Normal,$23.50 
45X45CM ,INSE-003,INSERTS,30% Down 70% Feather,Firm Fill,$26.10 
45X45CM ,INSE-003,INSERTS,30% Down 70% Feather,Extra Firm Fill,$28.70 
45X45CM ,INSE-003,INSERTS,50% Down 50% Feather,Normal,$32.80 
45X45CM ,INSE-003,INSERTS,50% Down 50% Feather,Firm Fill,$35.40 
45X45CM ,INSE-003,INSERTS,50% Down 50% Feather,Extra Firm Fill,$38.00 
45X45CM ,INSE-003,INSERTS,80% Down 20% Feather,Normal,$48.50 
45X45CM ,INSE-003,INSERTS,80% Down 20% Feather,Firm Fill,$51.10 
45X45CM ,INSE-003,INSERTS,80% Down 20% Feather,Extra Firm Fill,$53.70 
40X80CM,INSE-004,INSERTS,100% Feather,Normal,$19.00 
40X80CM,INSE-004,INSERTS,100% Feather,Firm Fill,$19.60 
40X80CM,INSE-004,INSERTS,100% Feather,Extra Firm Fill,$20.20 
40X80CM,INSE-004,INSERTS,Duck Feather - Foam,Normal,$21.25 
40X80CM,INSE-004,INSERTS,Duck Feather - Foam,Firm Fill,$21.85 
40X80CM,INSE-004,INSERTS,Duck Feather - Foam,Extra Firm Fill,$22.45 
40X80CM,INSE-004,INSERTS,Duck Feather - Fibre,Normal,$21.25 
40X80CM,INSE-004,INSERTS,Duck Feather - Fibre,Firm Fill,$21.85 
40X80CM,INSE-004,INSERTS,Duck Feather - Fibre,Extra Firm Fill,$22.45 
40X80CM,INSE-004,INSERTS,100% Polyester,Normal,$21.25 
40X80CM,INSE-004,INSERTS,100% Polyester,Firm Fill,$21.85 
40X80CM,INSE-004,INSERTS,100% Polyester,Extra Firm Fill,$22.45 
40X80CM,INSE-004,INSERTS,30% Down 70% Feather,Normal,$43.00 
40X80CM,INSE-004,INSERTS,30% Down 70% Feather,Firm Fill,$45.60 
40X80CM,INSE-004,INSERTS,30% Down 70% Feather,Extra Firm Fill,$48.20 
40X80CM,INSE-004,INSERTS,50% Down 50% Feather,Normal,$68.40 
40X80CM,INSE-004,INSERTS,50% Down 50% Feather,Firm Fill,$71.00 
40X80CM,INSE-004,INSERTS,50% Down 50% Feather,Extra Firm Fill,$73.60 
40X80CM,INSE-004,INSERTS,80% Down 20% Feather,Normal,$83.00 
40X80CM,INSE-004,INSERTS,80% Down 20% Feather,Firm Fill,$85.60 
40X80CM,INSE-004,INSERTS,80% Down 20% Feather,Extra Firm Fill,$88.20 
45X70CM,INSE-005,INSERTS,100% Feather,Normal,$17.65 
45X70CM,INSE-005,INSERTS,100% Feather,Firm Fill,$18.25 
45X70CM,INSE-005,INSERTS,100% Feather,Extra Firm Fill,$18.85 
45X70CM,INSE-005,INSERTS,Duck Feather - Foam,Normal,$20.00 
45X70CM,INSE-005,INSERTS,Duck Feather - Foam,Firm Fill,$20.60 
45X70CM,INSE-005,INSERTS,Duck Feather - Foam,Extra Firm Fill,$21.20 
45X70CM,INSE-005,INSERTS,Duck Feather - Fibre,Normal,$20.00 
45X70CM,INSE-005,INSERTS,Duck Feather - Fibre,Firm Fill,$20.60 
45X70CM,INSE-005,INSERTS,Duck Feather - Fibre,Extra Firm Fill,$21.20 
45X70CM,INSE-005,INSERTS,100% Polyester,Normal,$20.00 
45X70CM,INSE-005,INSERTS,100% Polyester,Firm Fill,$20.60 
45X70CM,INSE-005,INSERTS,100% Polyester,Extra Firm Fill,$21.20 
45X70CM,INSE-005,INSERTS,30% Down 70% Feather,Normal,$36.70 
45X70CM,INSE-005,INSERTS,30% Down 70% Feather,Firm Fill,$39.30 
45X70CM,INSE-005,INSERTS,30% Down 70% Feather,Extra Firm Fill,$41.90 
45X70CM,INSE-005,INSERTS,50% Down 50% Feather,Normal,$52.15 
45X70CM,INSE-005,INSERTS,50% Down 50% Feather,Firm Fill,$54.75 
45X70CM,INSE-005,INSERTS,50% Down 50% Feather,Extra Firm Fill,$57.35 
45X70CM,INSE-005,INSERTS,80% Down 20% Feather,Normal,$73.00 
45X70CM,INSE-005,INSERTS,80% Down 20% Feather,Firm Fill,$75.60 
45X70CM,INSE-005,INSERTS,80% Down 20% Feather,Extra Firm Fill,$78.20 
50X110CM,INSE-006,INSERTS,100% Feather,Normal,$46.00 
50X110CM,INSE-006,INSERTS,100% Feather,Firm Fill,$46.60 
50X110CM,INSE-006,INSERTS,100% Feather,Extra Firm Fill,$47.20 
50X110CM,INSE-006,INSERTS,Duck Feather - Foam,Normal,$46.00 
50X110CM,INSE-006,INSERTS,Duck Feather - Foam,Firm Fill,$46.60 
50X110CM,INSE-006,INSERTS,Duck Feather - Foam,Extra Firm Fill,$47.20 
50X110CM,INSE-006,INSERTS,Duck Feather - Fibre,Normal,$46.00 
50X110CM,INSE-006,INSERTS,Duck Feather - Fibre,Firm Fill,$46.60 
50X110CM,INSE-006,INSERTS,Duck Feather - Fibre,Extra Firm Fill,$47.20 
50X110CM,INSE-006,INSERTS,100% Polyester,Normal,$46.00 
50X110CM,INSE-006,INSERTS,100% Polyester,Firm Fill,$46.60 
50X110CM,INSE-006,INSERTS,100% Polyester,Extra Firm Fill,$47.20 
50X110CM,INSE-006,INSERTS,30% Down 70% Feather,Normal,$91.00 
50X110CM,INSE-006,INSERTS,30% Down 70% Feather,Firm Fill,$93.60 
50X110CM,INSE-006,INSERTS,30% Down 70% Feather,Extra Firm Fill,$96.20 
50X110CM,INSE-006,INSERTS,50% Down 50% Feather,Normal,$109.25 
50X110CM,INSE-006,INSERTS,50% Down 50% Feather,Firm Fill,$111.85 
50X110CM,INSE-006,INSERTS,50% Down 50% Feather,Extra Firm Fill,$114.45 
50X110CM,INSE-006,INSERTS,80% Down 20% Feather,Normal,$132.25 
50X110CM,INSE-006,INSERTS,80% Down 20% Feather,Firm Fill,$134.85 
50X110CM,INSE-006,INSERTS,80% Down 20% Feather,Extra Firm Fill,$137.45 
50X30CM ,INSE-007,INSERTS,100% Feather,Normal,$13.20 
50X30CM ,INSE-007,INSERTS,100% Feather,Firm Fill,$13.80 
50X30CM ,INSE-007,INSERTS,100% Feather,Extra Firm Fill,$14.40 
50X30CM ,INSE-007,INSERTS,Duck Feather - Foam,Normal,$15.00 
50X30CM ,INSE-007,INSERTS,Duck Feather - Foam,Firm Fill,$15.60 
50X30CM ,INSE-007,INSERTS,Duck Feather - Foam,Extra Firm Fill,$16.20 
50X30CM ,INSE-007,INSERTS,Duck Feather - Fibre,Normal,$15.00 
50X30CM ,INSE-007,INSERTS,Duck Feather - Fibre,Firm Fill,$15.60 
50X30CM ,INSE-007,INSERTS,Duck Feather - Fibre,Extra Firm Fill,$16.20 
50X30CM ,INSE-007,INSERTS,100% Polyester,Normal,$15.00 
50X30CM ,INSE-007,INSERTS,100% Polyester,Firm Fill,$15.60 
50X30CM ,INSE-007,INSERTS,100% Polyester,Extra Firm Fill,$16.20 
50X30CM ,INSE-007,INSERTS,30% Down 70% Feather,Normal,$23.00 
50X30CM ,INSE-007,INSERTS,30% Down 70% Feather,Firm Fill,$25.60 
50X30CM ,INSE-007,INSERTS,30% Down 70% Feather,Extra Firm Fill,$28.20 
50X30CM ,INSE-007,INSERTS,50% Down 50% Feather,Normal,$31.00 
50X30CM ,INSE-007,INSERTS,50% Down 50% Feather,Firm Fill,$33.60 
50X30CM ,INSE-007,INSERTS,50% Down 50% Feather,Extra Firm Fill,$36.20 
50X30CM ,INSE-007,INSERTS,80% Down 20% Feather,Normal,$48.00 
50X30CM ,INSE-007,INSERTS,80% Down 20% Feather,Firm Fill,$50.60 
50X30CM ,INSE-007,INSERTS,80% Down 20% Feather,Extra Firm Fill,$53.20 
50X50CM,INSE-008,INSERTS,100% Feather,Normal,$11.50 
50X50CM,INSE-008,INSERTS,100% Feather,Firm Fill,$12.10 
50X50CM,INSE-008,INSERTS,100% Feather,Extra Firm Fill,$12.70 
50X50CM,INSE-008,INSERTS,Duck Feather - Foam,Normal,$13.50 
50X50CM,INSE-008,INSERTS,Duck Feather - Foam,Firm Fill,$14.10 
50X50CM,INSE-008,INSERTS,Duck Feather - Foam,Extra Firm Fill,$14.70 
50X50CM,INSE-008,INSERTS,Duck Feather - Fibre,Normal,$13.50 
50X50CM,INSE-008,INSERTS,Duck Feather - Fibre,Firm Fill,$14.10 
50X50CM,INSE-008,INSERTS,Duck Feather - Fibre,Extra Firm Fill,$14.70 
50X50CM,INSE-008,INSERTS,100% Polyester,Normal,$13.50 
50X50CM,INSE-008,INSERTS,100% Polyester,Firm Fill,$14.10 
50X50CM,INSE-008,INSERTS,100% Polyester,Extra Firm Fill,$14.70 
50X50CM,INSE-008,INSERTS,30% Down 70% Feather,Normal,$26.50 
50X50CM,INSE-008,INSERTS,30% Down 70% Feather,Firm Fill,$29.10 
50X50CM,INSE-008,INSERTS,30% Down 70% Feather,Extra Firm Fill,$31.70 
50X50CM,INSE-008,INSERTS,50% Down 50% Feather,Normal,$45.00 
50X50CM,INSE-008,INSERTS,50% Down 50% Feather,Firm Fill,$47.60 
50X50CM,INSE-008,INSERTS,50% Down 50% Feather,Extra Firm Fill,$50.20 
50X50CM,INSE-008,INSERTS,80% Down 20% Feather,Normal,$56.00 
50X50CM,INSE-008,INSERTS,80% Down 20% Feather,Firm Fill,$58.60 
50X50CM,INSE-008,INSERTS,80% Down 20% Feather,Extra Firm Fill,$61.20 
50X80CM,INSE-009,INSERTS,100% Feather,Normal,$26.00 
50X80CM,INSE-009,INSERTS,100% Feather,Firm Fill,$28.60 
50X80CM,INSE-009,INSERTS,100% Feather,Extra Firm Fill,$31.20 
50X80CM,INSE-009,INSERTS,Duck Feather - Foam,Normal,$32.75 
50X80CM,INSE-009,INSERTS,Duck Feather - Foam,Firm Fill,$26.60 
50X80CM,INSE-009,INSERTS,Duck Feather - Foam,Extra Firm Fill,$27.20 
50X80CM,INSE-009,INSERTS,Duck Feather - Fibre,Normal,$32.75 
50X80CM,INSE-009,INSERTS,Duck Feather - Fibre,Firm Fill,$33.35 
50X80CM,INSE-009,INSERTS,Duck Feather - Fibre,Extra Firm Fill,$33.95 
50X80CM,INSE-009,INSERTS,100% Polyester,Normal,$32.75 
50X80CM,INSE-009,INSERTS,100% Polyester,Firm Fill,$33.35 
50X80CM,INSE-009,INSERTS,100% Polyester,Extra Firm Fill,$33.95 
50X80CM,INSE-009,INSERTS,30% Down 70% Feather,Normal,$58.60 
50X80CM,INSE-009,INSERTS,30% Down 70% Feather,Firm Fill,$61.20 
50X80CM,INSE-009,INSERTS,30% Down 70% Feather,Extra Firm Fill,$63.80 
50X80CM,INSE-009,INSERTS,50% Down 50% Feather,Normal,$80.50 
50X80CM,INSE-009,INSERTS,50% Down 50% Feather,Firm Fill,$83.10 
50X80CM,INSE-009,INSERTS,50% Down 50% Feather,Extra Firm Fill,$85.70 
50X80CM,INSE-009,INSERTS,80% Down 20% Feather,Normal,$95.00 
50X80CM,INSE-009,INSERTS,80% Down 20% Feather,Firm Fill,$97.60 
50X80CM,INSE-009,INSERTS,80% Down 20% Feather,Extra Firm Fill,$100.20 
50X90CM ,INSE-010,INSERTS,100% Feather,Normal,$29.30 
50X90CM ,INSE-010,INSERTS,100% Feather,Firm Fill,$31.90 
50X90CM ,INSE-010,INSERTS,100% Feather,Extra Firm Fill,$34.50 
50X90CM ,INSE-010,INSERTS,Duck Feather - Foam,Normal,$38.50 
50X90CM ,INSE-010,INSERTS,Duck Feather - Foam,Firm Fill,$41.10 
50X90CM ,INSE-010,INSERTS,Duck Feather - Foam,Extra Firm Fill,$43.70 
50X90CM ,INSE-010,INSERTS,Duck Feather - Fibre,Normal,$38.50 
50X90CM ,INSE-010,INSERTS,Duck Feather - Fibre,Firm Fill,$29.90 
50X90CM ,INSE-010,INSERTS,Duck Feather - Fibre,Extra Firm Fill,$30.50 
50X90CM ,INSE-010,INSERTS,100% Polyester,Normal,$38.50 
50X90CM ,INSE-010,INSERTS,100% Polyester,Firm Fill,$29.90 
50X90CM ,INSE-010,INSERTS,100% Polyester,Extra Firm Fill,$30.50 
50X90CM ,INSE-010,INSERTS,30% Down 70% Feather,Normal,$71.00 
50X90CM ,INSE-010,INSERTS,30% Down 70% Feather,Firm Fill,$73.60 
50X90CM ,INSE-010,INSERTS,30% Down 70% Feather,Extra Firm Fill,$76.20 
50X90CM ,INSE-010,INSERTS,50% Down 50% Feather,Normal,$92.55 
50X90CM ,INSE-010,INSERTS,50% Down 50% Feather,Firm Fill,$95.15 
50X90CM ,INSE-010,INSERTS,50% Down 50% Feather,Extra Firm Fill,$97.75 
50X90CM ,INSE-010,INSERTS,80% Down 20% Feather,Normal,$107.00 
50X90CM ,INSE-010,INSERTS,80% Down 20% Feather,Firm Fill,$109.60 
50X90CM ,INSE-010,INSERTS,80% Down 20% Feather,Extra Firm Fill,$112.20 
55X55CM ,INSE-011,INSERTS,100% Feather,Normal,$12.00 
55X55CM ,INSE-011,INSERTS,100% Feather,Firm Fill,$12.60 
55X55CM ,INSE-011,INSERTS,100% Feather,Extra Firm Fill,$13.20 
55X55CM ,INSE-011,INSERTS,Duck Feather - Foam,Normal,$15.00 
55X55CM ,INSE-011,INSERTS,Duck Feather - Foam,Firm Fill,$15.60 
55X55CM ,INSE-011,INSERTS,Duck Feather - Foam,Extra Firm Fill,$16.20 
55X55CM ,INSE-011,INSERTS,Duck Feather - Fibre,Normal,$15.00 
55X55CM ,INSE-011,INSERTS,Duck Feather - Fibre,Firm Fill,$15.60 
55X55CM ,INSE-011,INSERTS,Duck Feather - Fibre,Extra Firm Fill,$16.20 
55X55CM ,INSE-011,INSERTS,100% Polyester,Normal,$15.00 
55X55CM ,INSE-011,INSERTS,100% Polyester,Firm Fill,$15.60 
55X55CM ,INSE-011,INSERTS,100% Polyester,Extra Firm Fill,$16.20 
55X55CM ,INSE-011,INSERTS,30% Down 70% Feather,Normal,$30.25 
55X55CM ,INSE-011,INSERTS,30% Down 70% Feather,Firm Fill,$32.85 
55X55CM ,INSE-011,INSERTS,30% Down 70% Feather,Extra Firm Fill,$35.45 
55X55CM ,INSE-011,INSERTS,50% Down 50% Feather,Normal,$45.10 
55X55CM ,INSE-011,INSERTS,50% Down 50% Feather,Firm Fill,$47.70 
55X55CM ,INSE-011,INSERTS,50% Down 50% Feather,Extra Firm Fill,$50.30 
55X55CM ,INSE-011,INSERTS,80% Down 20% Feather,Normal,$65.00 
55X55CM ,INSE-011,INSERTS,80% Down 20% Feather,Firm Fill,$67.60 
55X55CM ,INSE-011,INSERTS,80% Down 20% Feather,Extra Firm Fill,$70.20 
60X40CM ,INSE-012,INSERTS,100% Feather,Normal,$15.50 
60X40CM ,INSE-012,INSERTS,100% Feather,Firm Fill,$16.10 
60X40CM ,INSE-012,INSERTS,100% Feather,Extra Firm Fill,$16.70 
60X40CM ,INSE-012,INSERTS,Duck Feather - Foam,Normal,$17.50 
60X40CM ,INSE-012,INSERTS,Duck Feather - Foam,Firm Fill,$18.10 
60X40CM ,INSE-012,INSERTS,Duck Feather - Foam,Extra Firm Fill,$18.70 
60X40CM ,INSE-012,INSERTS,Duck Feather - Fibre,Normal,$17.50 
60X40CM ,INSE-012,INSERTS,Duck Feather - Fibre,Firm Fill,$18.10 
60X40CM ,INSE-012,INSERTS,Duck Feather - Fibre,Extra Firm Fill,$18.70 
60X40CM ,INSE-012,INSERTS,100% Polyester,Normal,$17.50 
60X40CM ,INSE-012,INSERTS,100% Polyester,Firm Fill,$18.10 
60X40CM ,INSE-012,INSERTS,100% Polyester,Extra Firm Fill,$18.70 
60X40CM ,INSE-012,INSERTS,30% Down 70% Feather,Normal,$30.50 
60X40CM ,INSE-012,INSERTS,30% Down 70% Feather,Firm Fill,$33.10 
60X40CM ,INSE-012,INSERTS,30% Down 70% Feather,Extra Firm Fill,$35.70 
60X40CM ,INSE-012,INSERTS,50% Down 50% Feather,Normal,$49.00 
60X40CM ,INSE-012,INSERTS,50% Down 50% Feather,Firm Fill,$51.60 
60X40CM ,INSE-012,INSERTS,50% Down 50% Feather,Extra Firm Fill,$54.20 
60X40CM ,INSE-012,INSERTS,80% Down 20% Feather,Normal,$60.00 
60X40CM ,INSE-012,INSERTS,80% Down 20% Feather,Firm Fill,$62.60 
60X40CM ,INSE-012,INSERTS,80% Down 20% Feather,Extra Firm Fill,$65.20 
60X60CM ,INSE-013,INSERTS,100% Feather,Normal,$15.00 
60X60CM ,INSE-013,INSERTS,100% Feather,Firm Fill,$15.60 
60X60CM ,INSE-013,INSERTS,100% Feather,Extra Firm Fill,$16.20 
60X60CM ,INSE-013,INSERTS,Duck Feather - Foam,Normal,$17.25 
60X60CM ,INSE-013,INSERTS,Duck Feather - Foam,Firm Fill,$17.85 
60X60CM ,INSE-013,INSERTS,Duck Feather - Foam,Extra Firm Fill,$18.45 
60X60CM ,INSE-013,INSERTS,Duck Feather - Fibre,Normal,$17.25 
60X60CM ,INSE-013,INSERTS,Duck Feather - Fibre,Firm Fill,$17.85 
60X60CM ,INSE-013,INSERTS,Duck Feather - Fibre,Extra Firm Fill,$18.45 
60X60CM ,INSE-013,INSERTS,100% Polyester,Normal,$17.25 
60X60CM ,INSE-013,INSERTS,100% Polyester,Firm Fill,$17.85 
60X60CM ,INSE-013,INSERTS,100% Polyester,Extra Firm Fill,$18.45 
60X60CM ,INSE-013,INSERTS,30% Down 70% Feather,Normal,$39.00 
60X60CM ,INSE-013,INSERTS,30% Down 70% Feather,Firm Fill,$41.60 
60X60CM ,INSE-013,INSERTS,30% Down 70% Feather,Extra Firm Fill,$44.20 
60X60CM ,INSE-013,INSERTS,50% Down 50% Feather,Normal,$64.40 
60X60CM ,INSE-013,INSERTS,50% Down 50% Feather,Firm Fill,$67.00 
60X60CM ,INSE-013,INSERTS,50% Down 50% Feather,Extra Firm Fill,$69.60 
60X60CM ,INSE-013,INSERTS,80% Down 20% Feather,Normal,$79.00 
60X60CM ,INSE-013,INSERTS,80% Down 20% Feather,Firm Fill,$81.60 
60X60CM ,INSE-013,INSERTS,80% Down 20% Feather,Extra Firm Fill,$84.20 
65X40CM,INSE-014,INSERTS,100% Feather,Normal,$16.50 
65X40CM,INSE-014,INSERTS,100% Feather,Firm Fill,$17.10 
65X40CM,INSE-014,INSERTS,100% Feather,Extra Firm Fill,$17.70 
65X40CM,INSE-014,INSERTS,Duck Feather - Foam,Normal,$18.50 
65X40CM,INSE-014,INSERTS,Duck Feather - Foam,Firm Fill,$19.10 
65X40CM,INSE-014,INSERTS,Duck Feather - Foam,Extra Firm Fill,$19.70 
65X40CM,INSE-014,INSERTS,Duck Feather - Fibre,Normal,$18.50 
65X40CM,INSE-014,INSERTS,Duck Feather - Fibre,Firm Fill,$19.10 
65X40CM,INSE-014,INSERTS,Duck Feather - Fibre,Extra Firm Fill,$19.70 
65X40CM,INSE-014,INSERTS,100% Polyester,Normal,$18.50 
65X40CM,INSE-014,INSERTS,100% Polyester,Firm Fill,$19.10 
65X40CM,INSE-014,INSERTS,100% Polyester,Extra Firm Fill,$19.70 
65X40CM,INSE-014,INSERTS,30% Down 70% Feather,Normal,$31.50 
65X40CM,INSE-014,INSERTS,30% Down 70% Feather,Firm Fill,$34.10 
65X40CM,INSE-014,INSERTS,30% Down 70% Feather,Extra Firm Fill,$36.70 
65X40CM,INSE-014,INSERTS,50% Down 50% Feather,Normal,$50.00 
65X40CM,INSE-014,INSERTS,50% Down 50% Feather,Firm Fill,$52.60 
65X40CM,INSE-014,INSERTS,50% Down 50% Feather,Extra Firm Fill,$55.20 
65X40CM,INSE-014,INSERTS,80% Down 20% Feather,Normal,$61.00 
65X40CM,INSE-014,INSERTS,80% Down 20% Feather,Firm Fill,$63.60 
65X40CM,INSE-014,INSERTS,80% Down 20% Feather,Extra Firm Fill,$66.20 
65X65CM ,INSE-015,INSERTS,100% Feather,Normal,$22.00 
65X65CM ,INSE-015,INSERTS,100% Feather,Firm Fill,$22.60 
65X65CM ,INSE-015,INSERTS,100% Feather,Extra Firm Fill,$23.20 
65X65CM ,INSE-015,INSERTS,Duck Feather - Foam,Normal,$28.75 
65X65CM ,INSE-015,INSERTS,Duck Feather - Foam,Firm Fill,$29.35 
65X65CM ,INSE-015,INSERTS,Duck Feather - Foam,Extra Firm Fill,$29.95 
65X65CM ,INSE-015,INSERTS,Duck Feather - Fibre,Normal,$28.75 
65X65CM ,INSE-015,INSERTS,Duck Feather - Fibre,Firm Fill,$29.35 
65X65CM ,INSE-015,INSERTS,Duck Feather - Fibre,Extra Firm Fill,$29.95 
65X65CM ,INSE-015,INSERTS,100% Polyester,Normal,$28.75 
65X65CM ,INSE-015,INSERTS,100% Polyester,Firm Fill,$29.35 
65X65CM ,INSE-015,INSERTS,100% Polyester,Extra Firm Fill,$29.95 
65X65CM ,INSE-015,INSERTS,30% Down 70% Feather,Normal,$54.60 
65X65CM ,INSE-015,INSERTS,30% Down 70% Feather,Firm Fill,$57.20 
65X65CM ,INSE-015,INSERTS,30% Down 70% Feather,Extra Firm Fill,$59.80 
65X65CM ,INSE-015,INSERTS,50% Down 50% Feather,Normal,$76.50 
65X65CM ,INSE-015,INSERTS,50% Down 50% Feather,Firm Fill,$79.10 
65X65CM ,INSE-015,INSERTS,50% Down 50% Feather,Extra Firm Fill,$81.70 
65X65CM ,INSE-015,INSERTS,80% Down 20% Feather,Normal,$91.00 
65X65CM ,INSE-015,INSERTS,80% Down 20% Feather,Firm Fill,$93.60 
65X65CM ,INSE-015,INSERTS,80% Down 20% Feather,Extra Firm Fill,$96.20 
SINGLE 140X214CM - MATTRESS TOPPER FILLED,MATT-070,MATTRESS TOPPER FILLED,Duck,,$71.00 
SINGLE 140X214CM - MATTRESS TOPPER FILLED,MATT-070,MATTRESS TOPPER FILLED,Goose,,$88.00 
DOUBLE 184X214CM - MATTRESS TOPPER FILLED,MATT-071,MATTRESS TOPPER FILLED,Duck,,$100.50 
DOUBLE 184X214CM - MATTRESS TOPPER FILLED,MATT-071,MATTRESS TOPPER FILLED,Goose,,$110.00 
KING SINGLE - MATTRESS TOPPER FILLED,MATT-072,MATTRESS TOPPER FILLED,Duck,,$100.50 
KING SINGLE - MATTRESS TOPPER FILLED,MATT-072,MATTRESS TOPPER FILLED,Goose,,$110.00 
QUEEN - MATTRESS TOPPER FILLED,MATT-073,MATTRESS TOPPER FILLED,Duck,,$106.50 
QUEEN - MATTRESS TOPPER FILLED,MATT-073,MATTRESS TOPPER FILLED,Goose,,$133.00 
KING - MATTRESS TOPPER FILLED,MATT-074,MATTRESS TOPPER FILLED,Duck,,$120.50 
KING - MATTRESS TOPPER FILLED,MATT-074,MATTRESS TOPPER FILLED,Goose,,$156.50 
DOUBLE 184X214CM - MICROSOFT,MICR-090,MICROSOFT,Polyester,,$45.00 
KING 244X214CM - MICROSOFT,MICR-092,MICROSOFT,Polyester,,$56.00 
QUEEN 214X214CM - MICROSOFT,MICR-091,MICROSOFT,Polyester,,$50.00 
SINGLE 140X214CM - MICROSOFT,MICR-089,MICROSOFT,Polyester,,$35.00 
45X70CM - (48X73CM) - PIPED PILLOWS,PIPE-041,PIPED PILLOWS,100% Feather,Duck,$20.00 
45X70CM - (48X73CM) - PIPED PILLOWS,PIPE-041,PIPED PILLOWS,30% Down 70% Feather,Duck,$32.00 
45X70CM - (48X73CM) - PIPED PILLOWS,PIPE-041,PIPED PILLOWS,50% Down 50% Feather,Duck,$40.00 
45X70CM - (48X73CM) - PIPED PILLOWS,PIPE-041,PIPED PILLOWS,80% Down 20% Feather,Duck,$60.00 
45X70CM - (48X73CM) - PIPED PILLOWS,PIPE-041,PIPED PILLOWS,80% Down 20% Feather,Goose,$95.00 
50X80CM - (53X83CM) - PIPED PILLOWS,PIPE-043,PIPED PILLOWS,100% Feather,Duck,$25.00 
50X80CM - (53X83CM) - PIPED PILLOWS,PIPE-043,PIPED PILLOWS,30% Down 70% Feather,Duck,$51.00 
50X80CM - (53X83CM) - PIPED PILLOWS,PIPE-043,PIPED PILLOWS,50% Down 50% Feather,Duck,$65.00 
50X80CM - (53X83CM) - PIPED PILLOWS,PIPE-043,PIPED PILLOWS,80% Down 20% Feather,Duck,$87.50 
50X80CM - (53X83CM) - PIPED PILLOWS,PIPE-043,PIPED PILLOWS,80% Down 20% Feather,Goose,$120.00 
50X90CM - (53X93CM) - PIPED PILLOWS,PIPE-044,PIPED PILLOWS,100% Feather,Duck,$25.00 
50X90CM - (53X93CM) - PIPED PILLOWS,PIPE-044,PIPED PILLOWS,30% Down 70% Feather,Duck,$51.00 
50X90CM - (53X93CM) - PIPED PILLOWS,PIPE-044,PIPED PILLOWS,50% Down 50% Feather,Duck,$65.00 
50X90CM - (53X93CM) - PIPED PILLOWS,PIPE-044,PIPED PILLOWS,80% Down 20% Feather,Duck,$87.50 
50X90CM - (53X93CM) - PIPED PILLOWS,PIPE-044,PIPED PILLOWS,80% Down 20% Feather,Goose,$120.00 
65 X 65CM (68X68CM) - PIPED PILLOWS,PIPE-042,PIPED PILLOWS,100% Feather,Duck,$25.00 
65 X 65CM (68X68CM) - PIPED PILLOWS,PIPE-042,PIPED PILLOWS,30% Down 70% Feather,Duck,$51.00 
65 X 65CM (68X68CM) - PIPED PILLOWS,PIPE-042,PIPED PILLOWS,50% Down 50% Feather,Duck,$65.00 
65 X 65CM (68X68CM) - PIPED PILLOWS,PIPE-042,PIPED PILLOWS,80% Down 20% Feather,Duck,$87.50 
65 X 65CM (68X68CM) - PIPED PILLOWS,PIPE-042,PIPED PILLOWS,80% Down 20% Feather,Goose,$120.00 
Double/Queen 230 x 240cms 450gms - SILVER BLANKET,SILV-102,SILVER BLANKET,Silver Blanket,,$70.00 
King/Super King 270 x 240cms 535 gms - SILVER BLANKET,SILV-103,SILVER BLANKET,Silver Blanket,,$81.00 
Single/ King Single 180 x 230gms 300gms - SILVER BLANKET,SILV-101,SILVER BLANKET,Silver Blanket,,$56.00 
Double/Queen 230 x 240cms 450gms - KHAKI BLANKET,KHAK-105,KHAKI BLANKET,Khaki Blanket,,$70.00 
King/Super King 270 x 240cms 535 gms - KHAKI BLANKET,KHAK-106,KHAKI BLANKET,Khaki Blanket,,$81.00 
Single/ King Single 180 x 230gms 300gms - KHAKI BLANKET,KHAK-104,KHAKI BLANKET,Khaki Blanket,,$56.00 
45X70CM - (48X73CM) - STRIP PILLOW,STRI-080,STRIP PILLOW,Hungarian,,$105.00 
50X90CM - (53X93CM) - STRIP PILLOW,STRI-081,STRIP PILLOW,Hungarian,,$113.00 
SINGLE - STRIPPED QUILT,STRI-078,STRIPPED QUILT,Hungarian,,$142.20 
DOUBLE - STRIPPED QUILT,STRI-075,STRIPPED QUILT,Hungarian,,$173.70 
QUEEN - STRIPPED QUILT,STRI-077,STRIPPED QUILT,Hungarian,,$188.20 
KING - STRIPPED QUILT,STRI-076,STRIPPED QUILT,Hungarian,,$209.20 
SUPER KING - STRIPPED QUILT,STRI-079,STRIPPED QUILT,Hungarian,,$276.20 