Product Name,Category,SKU,Filling,Weight, Customer Price 
DUCK FEATHER & FOAM,BULK,PFH-0,MIX FILL,,$9.00
100% DUCK FEATHER,BULK,PFH1,FEATHER,,$9.00
FEATHER & FIBRE,BULK,PFH2,MIX FILL,,$10.00
15% DUCK DOWN 85% DUCK FEATHER,BULK,PFH3,DOWN,,$18.00
30% DUCK DOWN 70% DUCK FEATHER,BULK,PFH4,DOWN,,$26.00
50% DUCK DOWN 50% DUCK FEATHER,BULK,PFH5,DOWN,,$46.00
80% DUCK DOWN 20% DUCK FEATHER,BULK,PFH6,DOWN,,$81.00
80% GOOSE DOWN 20% GOOSE FEATHER,BULK,PFH7,DOWN,,$135.00
FEATHER/FIBRE/DOWN,BULK,PFH8,MIX FILL,,$35.00
230CM COTTON JAPARA,BULK,PFH9,JAPARA,,$10.00
SINGLE BED CASSETTE CASE,CASES,PFH10,,,$24.00
DOUBLE BED CASSETTE CASE,CASES,PFH11,,,$30.00
QUEEN CASSETTE CASE,CASES,PFH12,,,$35.00
KING CASSETTE CASE,CASES,PFH13,,,$40.00
SUPER KING CASSETTE CASE,CASES,PFH14,,,$52.00
SINGLE BED CHANNEL CASE,CASES,PFH15,,,$24.00
DOUBLE BED CHANNEL CASE,CASES,PFH16,,,$30.00
QUEEN CHANNEL CASE,CASES,PFH17,,,$35.00
KING CHANNEL CASE,CASES,PFH18,,,$40.00
SUPER KING CHANNEL CASE,CASES,PFH19,,,$50.00
30X55CM - (34X58CM),INSERTS,PFH20,Duck Feather - Foam,Normal,$16.00
30X55CM - (34X58CM),INSERTS,PFH21,Duck Feather - Foam,Firm Fill,$16.60
30X55CM - (34X58CM),INSERTS,PFH22,Duck Feather - Foam,Extra Firm Fill,$17.20
30X55CM - (34X58CM),INSERTS,PFH23,Duck Feather - Fibre,Normal,$16.00
30X55CM - (34X58CM),INSERTS,PFH24,Duck Feather - Fibre,Firm Fill,$16.60
30X55CM - (34X58CM),INSERTS,PFH25,Duck Feather - Fibre,Extra Firm Fill,$17.20
30X55CM - (34X58CM),INSERTS,PFH26,100% Polyester,Normal,$16.00
30X55CM - (34X58CM),INSERTS,PFH27,100% Polyester,Firm Fill,$16.60
30X55CM - (34X58CM),INSERTS,PFH28,100% Polyester,Extra Firm Fill,$17.20
30X55CM - (34X58CM),INSERTS,PFH29,30% Down 70% Feather,Normal,$27.50
30X55CM - (34X58CM),INSERTS,PFH30,30% Down 70% Feather,Firm Fill,$30.10
30X55CM - (34X58CM),INSERTS,PFH31,30% Down 70% Feather,Extra Firm Fill,$32.70
30X55CM - (34X58CM),INSERTS,PFH32,50% Down 50% Feather,Normal,$36.80
30X55CM - (34X58CM),INSERTS,PFH33,50% Down 50% Feather,Firm Fill,$39.40
30X55CM - (34X58CM),INSERTS,PFH34,50% Down 50% Feather,Extra Firm Fill,$42.00
30X55CM - (34X58CM),INSERTS,PFH35,80% Down 20% Feather,Normal,$52.50
30X55CM - (34X58CM),INSERTS,PFH36,80% Down 20% Feather,Firm Fill,$55.10
30X55CM - (34X58CM),INSERTS,PFH37,80% Down 20% Feather,Extra Firm Fill,$57.70
40X40CM - (43X43CM),INSERTS,PFH38,100% Feather,Normal,$9.20
40X40CM - (43X43CM),INSERTS,PFH39,100% Feather,Firm Fill,$9.80
40X40CM - (43X43CM),INSERTS,PFH40,100% Feather,Extra Firm Fill,$10.40
40X40CM - (43X43CM),INSERTS,PFH41,Duck Feather - Foam,Normal,$11.00
40X40CM - (43X43CM),INSERTS,PFH42,Duck Feather - Foam,Firm Fill,$11.60
40X40CM - (43X43CM),INSERTS,PFH43,Duck Feather - Foam,Extra Firm Fill,$12.20
40X40CM - (43X43CM),INSERTS,PFH44,Duck Feather - Fibre,Normal,$11.00
40X40CM - (43X43CM),INSERTS,PFH45,Duck Feather - Fibre,Firm Fill,$11.60
40X40CM - (43X43CM),INSERTS,PFH46,Duck Feather - Fibre,Extra Firm Fill,$12.20
40X40CM - (43X43CM),INSERTS,PFH47,100% Polyester,Normal,$11.00
40X40CM - (43X43CM),INSERTS,PFH48,100% Polyester,Firm Fill,$11.60
40X40CM - (43X43CM),INSERTS,PFH49,100% Polyester,Extra Firm Fill,$12.20
40X40CM - (43X43CM),INSERTS,PFH50,30% Down 70% Feather,Normal,$19.00
40X40CM - (43X43CM),INSERTS,PFH51,30% Down 70% Feather,Firm Fill,$21.60
40X40CM - (43X43CM),INSERTS,PFH52,30% Down 70% Feather,Extra Firm Fill,$24.20
40X40CM - (43X43CM),INSERTS,PFH53,50% Down 50% Feather,Normal,$27.00
40X40CM - (43X43CM),INSERTS,PFH54,50% Down 50% Feather,Firm Fill,$29.60
40X40CM - (43X43CM),INSERTS,PFH55,50% Down 50% Feather,Extra Firm Fill,$32.20
40X40CM - (43X43CM),INSERTS,PFH56,80% Down 20% Feather,Normal,$44.00
40X40CM - (43X43CM),INSERTS,PFH57,80% Down 20% Feather,Firm Fill,$46.60
40X40CM - (43X43CM),INSERTS,PFH58,80% Down 20% Feather,Extra Firm Fill,$49.20
45X45CM - (48X48CM),INSERTS,PFH59,100% Feather,Normal,$10.50
45X45CM - (48X48CM),INSERTS,PFH60,100% Feather,Firm Fill,$11.10
45X45CM - (48X48CM),INSERTS,PFH61,100% Feather,Extra Firm Fill,$11.70
45X45CM - (48X48CM),INSERTS,PFH62,Duck Feather - Foam,Normal,$12.00
45X45CM - (48X48CM),INSERTS,PFH63,Duck Feather - Foam,Firm Fill,$12.60
45X45CM - (48X48CM),INSERTS,PFH64,Duck Feather - Foam,Extra Firm Fill,$13.20
45X45CM - (48X48CM),INSERTS,PFH65,Duck Feather - Fibre,Normal,$12.00
45X45CM - (48X48CM),INSERTS,PFH66,Duck Feather - Fibre,Firm Fill,$12.60
45X45CM - (48X48CM),INSERTS,PFH67,Duck Feather - Fibre,Extra Firm Fill,$13.20
45X45CM - (48X48CM),INSERTS,PFH68,100% Polyester,Normal,$12.00
45X45CM - (48X48CM),INSERTS,PFH69,100% Polyester,Firm Fill,$12.60
45X45CM - (48X48CM),INSERTS,PFH70,100% Polyester,Extra Firm Fill,$13.20
45X45CM - (48X48CM),INSERTS,PFH71,30% Down 70% Feather,Normal,$23.50
45X45CM - (48X48CM),INSERTS,PFH72,30% Down 70% Feather,Firm Fill,$26.10
45X45CM - (48X48CM),INSERTS,PFH73,30% Down 70% Feather,Extra Firm Fill,$28.70
45X45CM - (48X48CM),INSERTS,PFH74,50% Down 50% Feather,Normal,$32.80
45X45CM - (48X48CM),INSERTS,PFH75,50% Down 50% Feather,Firm Fill,$35.40
45X45CM - (48X48CM),INSERTS,PFH76,50% Down 50% Feather,Extra Firm Fill,$38.00
45X45CM - (48X48CM),INSERTS,PFH77,80% Down 20% Feather,Normal,$48.50
45X45CM - (48X48CM),INSERTS,PFH78,80% Down 20% Feather,Firm Fill,$51.10
45X45CM - (48X48CM),INSERTS,PFH79,80% Down 20% Feather,Extra Firm Fill,$53.70
40X80CM - (43X83CM),INSERTS,PFH80,100% Feather,Normal,$19.00
40X80CM - (43X83CM),INSERTS,PFH81,100% Feather,Firm Fill,$19.60
40X80CM - (43X83CM),INSERTS,PFH82,100% Feather,Extra Firm Fill,$20.20
40X80CM - (43X83CM),INSERTS,PFH83,Duck Feather - Foam,Normal,$21.25
40X80CM - (43X83CM),INSERTS,PFH84,Duck Feather - Foam,Firm Fill,$21.85
40X80CM - (43X83CM),INSERTS,PFH85,Duck Feather - Foam,Extra Firm Fill,$22.45
40X80CM - (43X83CM),INSERTS,PFH86,Duck Feather - Fibre,Normal,$21.25
40X80CM - (43X83CM),INSERTS,PFH87,Duck Feather - Fibre,Firm Fill,$21.85
40X80CM - (43X83CM),INSERTS,PFH88,Duck Feather - Fibre,Extra Firm Fill,$22.45
40X80CM - (43X83CM),INSERTS,PFH89,100% Polyester,Normal,$21.25
40X80CM - (43X83CM),INSERTS,PFH90,100% Polyester,Firm Fill,$21.85
40X80CM - (43X83CM),INSERTS,PFH91,100% Polyester,Extra Firm Fill,$22.45
40X80CM - (43X83CM),INSERTS,PFH92,30% Down 70% Feather,Normal,$43.00
40X80CM - (43X83CM),INSERTS,PFH93,30% Down 70% Feather,Firm Fill,$45.60
40X80CM - (43X83CM),INSERTS,PFH94,30% Down 70% Feather,Extra Firm Fill,$48.20
40X80CM - (43X83CM),INSERTS,PFH95,50% Down 50% Feather,Normal,$68.40
40X80CM - (43X83CM),INSERTS,PFH96,50% Down 50% Feather,Firm Fill,$71.00
40X80CM - (43X83CM),INSERTS,PFH97,50% Down 50% Feather,Extra Firm Fill,$73.60
40X80CM - (43X83CM),INSERTS,PFH98,80% Down 20% Feather,Normal,$83.00
40X80CM - (43X83CM),INSERTS,PFH99,80% Down 20% Feather,Firm Fill,$85.60
40X80CM - (43X83CM),INSERTS,PFH100,80% Down 20% Feather,Extra Firm Fill,$88.20
45X70CM - (48X73CM),INSERTS,PFH101,100% Feather,Normal,$17.65
45X70CM - (48X73CM),INSERTS,PFH102,100% Feather,Firm Fill,$18.25
45X70CM - (48X73CM),INSERTS,PFH103,100% Feather,Extra Firm Fill,$18.85
45X70CM - (48X73CM),INSERTS,PFH104,Duck Feather - Foam,Normal,$20.00
45X70CM - (48X73CM),INSERTS,PFH105,Duck Feather - Foam,Firm Fill,$20.60
45X70CM - (48X73CM),INSERTS,PFH106,Duck Feather - Foam,Extra Firm Fill,$21.20
45X70CM - (48X73CM),INSERTS,PFH107,Duck Feather - Fibre,Normal,$20.00
45X70CM - (48X73CM),INSERTS,PFH108,Duck Feather - Fibre,Firm Fill,$20.60
45X70CM - (48X73CM),INSERTS,PFH109,Duck Feather - Fibre,Extra Firm Fill,$21.20
45X70CM - (48X73CM),INSERTS,PFH110,100% Polyester,Normal,$20.00
45X70CM - (48X73CM),INSERTS,PFH111,100% Polyester,Firm Fill,$20.60
45X70CM - (48X73CM),INSERTS,PFH112,100% Polyester,Extra Firm Fill,$21.20
45X70CM - (48X73CM),INSERTS,PFH113,30% Down 70% Feather,Normal,$36.70
45X70CM - (48X73CM),INSERTS,PFH114,30% Down 70% Feather,Firm Fill,$39.30
45X70CM - (48X73CM),INSERTS,PFH115,30% Down 70% Feather,Extra Firm Fill,$41.90
45X70CM - (48X73CM),INSERTS,PFH116,50% Down 50% Feather,Normal,$52.15
45X70CM - (48X73CM),INSERTS,PFH117,50% Down 50% Feather,Firm Fill,$54.75
45X70CM - (48X73CM),INSERTS,PFH118,50% Down 50% Feather,Extra Firm Fill,$57.35
45X70CM - (48X73CM),INSERTS,PFH119,80% Down 20% Feather,Normal,$73.00
45X70CM - (48X73CM),INSERTS,PFH120,80% Down 20% Feather,Firm Fill,$75.60
45X70CM - (48X73CM),INSERTS,PFH121,80% Down 20% Feather,Extra Firm Fill,$78.20
50X110CM - (53X113CM),INSERTS,PFH122,100% Feather,Normal,$46.00
50X110CM - (53X113CM),INSERTS,PFH123,100% Feather,Firm Fill,$46.60
50X110CM - (53X113CM),INSERTS,PFH124,100% Feather,Extra Firm Fill,$47.20
50X110CM - (53X113CM),INSERTS,PFH125,Duck Feather - Foam,Normal,$46.00
50X110CM - (53X113CM),INSERTS,PFH126,Duck Feather - Foam,Firm Fill,$46.60
50X110CM - (53X113CM),INSERTS,PFH127,Duck Feather - Foam,Extra Firm Fill,$47.20
50X110CM - (53X113CM),INSERTS,PFH128,Duck Feather - Fibre,Normal,$46.00
50X110CM - (53X113CM),INSERTS,PFH129,Duck Feather - Fibre,Firm Fill,$46.60
50X110CM - (53X113CM),INSERTS,PFH130,Duck Feather - Fibre,Extra Firm Fill,$47.20
50X110CM - (53X113CM),INSERTS,PFH131,100% Polyester,Normal,$46.00
50X110CM - (53X113CM),INSERTS,PFH132,100% Polyester,Firm Fill,$46.60
50X110CM - (53X113CM),INSERTS,PFH133,100% Polyester,Extra Firm Fill,$47.20
50X110CM - (53X113CM),INSERTS,PFH134,30% Down 70% Feather,Normal,$91.00
50X110CM - (53X113CM),INSERTS,PFH135,30% Down 70% Feather,Firm Fill,$93.60
50X110CM - (53X113CM),INSERTS,PFH136,30% Down 70% Feather,Extra Firm Fill,$96.20
50X110CM - (53X113CM),INSERTS,PFH137,50% Down 50% Feather,Normal,$109.25
50X110CM - (53X113CM),INSERTS,PFH138,50% Down 50% Feather,Firm Fill,$111.85
50X110CM - (53X113CM),INSERTS,PFH139,50% Down 50% Feather,Extra Firm Fill,$114.45
50X110CM - (53X113CM),INSERTS,PFH140,80% Down 20% Feather,Normal,$132.25
50X110CM - (53X113CM),INSERTS,PFH141,80% Down 20% Feather,Firm Fill,$134.85
50X110CM - (53X113CM),INSERTS,PFH142,80% Down 20% Feather,Extra Firm Fill,$137.45
50X30CM - (53X33CM),INSERTS,PFH143,100% Feather,Normal,$13.20
50X30CM - (53X33CM),INSERTS,PFH144,100% Feather,Firm Fill,$13.80
50X30CM - (53X33CM),INSERTS,PFH145,100% Feather,Extra Firm Fill,$14.40
50X30CM - (53X33CM),INSERTS,PFH146,Duck Feather - Foam,Normal,$15.00
50X30CM - (53X33CM),INSERTS,PFH147,Duck Feather - Foam,Firm Fill,$15.60
50X30CM - (53X33CM),INSERTS,PFH148,Duck Feather - Foam,Extra Firm Fill,$16.20
50X30CM - (53X33CM),INSERTS,PFH149,Duck Feather - Fibre,Normal,$15.00
50X30CM - (53X33CM),INSERTS,PFH150,Duck Feather - Fibre,Firm Fill,$15.60
50X30CM - (53X33CM),INSERTS,PFH151,Duck Feather - Fibre,Extra Firm Fill,$16.20
50X30CM - (53X33CM),INSERTS,PFH152,100% Polyester,Normal,$15.00
50X30CM - (53X33CM),INSERTS,PFH153,100% Polyester,Firm Fill,$15.60
50X30CM - (53X33CM),INSERTS,PFH154,100% Polyester,Extra Firm Fill,$16.20
50X30CM - (53X33CM),INSERTS,PFH155,30% Down 70% Feather,Normal,$23.00
50X30CM - (53X33CM),INSERTS,PFH156,30% Down 70% Feather,Firm Fill,$25.60
50X30CM - (53X33CM),INSERTS,PFH157,30% Down 70% Feather,Extra Firm Fill,$28.20
50X30CM - (53X33CM),INSERTS,PFH158,50% Down 50% Feather,Normal,$31.00
50X30CM - (53X33CM),INSERTS,PFH159,50% Down 50% Feather,Firm Fill,$33.60
50X30CM - (53X33CM),INSERTS,PFH160,50% Down 50% Feather,Extra Firm Fill,$36.20
50X30CM - (53X33CM),INSERTS,PFH161,80% Down 20% Feather,Normal,$48.00
50X30CM - (53X33CM),INSERTS,PFH162,80% Down 20% Feather,Firm Fill,$50.60
50X30CM - (53X33CM),INSERTS,PFH163,80% Down 20% Feather,Extra Firm Fill,$53.20
50X50CM - (53X53CM),INSERTS,PFH164,100% Feather,Normal,$11.50
50X50CM - (53X53CM),INSERTS,PFH165,100% Feather,Firm Fill,$12.10
50X50CM - (53X53CM),INSERTS,PFH166,100% Feather,Extra Firm Fill,$12.70
50X50CM - (53X53CM),INSERTS,PFH167,Duck Feather - Foam,Normal,$13.50
50X50CM - (53X53CM),INSERTS,PFH168,Duck Feather - Foam,Firm Fill,$14.10
50X50CM - (53X53CM),INSERTS,PFH169,Duck Feather - Foam,Extra Firm Fill,$14.70
50X50CM - (53X53CM),INSERTS,PFH170,Duck Feather - Fibre,Normal,$13.50
50X50CM - (53X53CM),INSERTS,PFH171,Duck Feather - Fibre,Firm Fill,$14.10
50X50CM - (53X53CM),INSERTS,PFH172,Duck Feather - Fibre,Extra Firm Fill,$14.70
50X50CM - (53X53CM),INSERTS,PFH173,100% Polyester,Normal,$13.50
50X50CM - (53X53CM),INSERTS,PFH174,100% Polyester,Firm Fill,$14.10
50X50CM - (53X53CM),INSERTS,PFH175,100% Polyester,Extra Firm Fill,$14.70
50X50CM - (53X53CM),INSERTS,PFH176,30% Down 70% Feather,Normal,$26.50
50X50CM - (53X53CM),INSERTS,PFH177,30% Down 70% Feather,Firm Fill,$29.10
50X50CM - (53X53CM),INSERTS,PFH178,30% Down 70% Feather,Extra Firm Fill,$31.70
50X50CM - (53X53CM),INSERTS,PFH179,50% Down 50% Feather,Normal,$45.00
50X50CM - (53X53CM),INSERTS,PFH180,50% Down 50% Feather,Firm Fill,$47.60
50X50CM - (53X53CM),INSERTS,PFH181,50% Down 50% Feather,Extra Firm Fill,$50.20
50X50CM - (53X53CM),INSERTS,PFH182,80% Down 20% Feather,Normal,$56.00
50X50CM - (53X53CM),INSERTS,PFH183,80% Down 20% Feather,Firm Fill,$58.60
50X50CM - (53X53CM),INSERTS,PFH184,80% Down 20% Feather,Extra Firm Fill,$61.20
50X80CM - (53X83CM),INSERTS,PFH185,100% Feather,Normal,$26.00
50X80CM - (53X83CM),INSERTS,PFH186,100% Feather,Firm Fill,$28.60
50X80CM - (53X83CM),INSERTS,PFH187,100% Feather,Extra Firm Fill,$31.20
50X80CM - (53X83CM),INSERTS,PFH188,Duck Feather - Foam,Normal,$32.75
50X80CM - (53X83CM),INSERTS,PFH189,Duck Feather - Foam,Firm Fill,$26.60
50X80CM - (53X83CM),INSERTS,PFH190,Duck Feather - Foam,Extra Firm Fill,$27.20
50X80CM - (53X83CM),INSERTS,PFH191,Duck Feather - Fibre,Normal,$32.75
50X80CM - (53X83CM),INSERTS,PFH192,Duck Feather - Fibre,Firm Fill,$33.35
50X80CM - (53X83CM),INSERTS,PFH193,Duck Feather - Fibre,Extra Firm Fill,$33.95
50X80CM - (53X83CM),INSERTS,PFH194,100% Polyester,Normal,$32.75
50X80CM - (53X83CM),INSERTS,PFH195,100% Polyester,Firm Fill,$33.35
50X80CM - (53X83CM),INSERTS,PFH196,100% Polyester,Extra Firm Fill,$33.95
50X80CM - (53X83CM),INSERTS,PFH197,30% Down 70% Feather,Normal,$58.60
50X80CM - (53X83CM),INSERTS,PFH198,30% Down 70% Feather,Firm Fill,$61.20
50X80CM - (53X83CM),INSERTS,PFH199,30% Down 70% Feather,Extra Firm Fill,$63.80
50X80CM - (53X83CM),INSERTS,PFH200,50% Down 50% Feather,Normal,$80.50
50X80CM - (53X83CM),INSERTS,PFH201,50% Down 50% Feather,Firm Fill,$83.10
50X80CM - (53X83CM),INSERTS,PFH202,50% Down 50% Feather,Extra Firm Fill,$85.70
50X80CM - (53X83CM),INSERTS,PFH203,80% Down 20% Feather,Normal,$95.00
50X80CM - (53X83CM),INSERTS,PFH204,80% Down 20% Feather,Firm Fill,$97.60
50X80CM - (53X83CM),INSERTS,PFH205,80% Down 20% Feather,Extra Firm Fill,$100.20
50X90CM - (53X93CM),INSERTS,PFH206,100% Feather,Normal,$29.30
50X90CM - (53X93CM),INSERTS,PFH207,100% Feather,Firm Fill,$31.90
50X90CM - (53X93CM),INSERTS,PFH208,100% Feather,Extra Firm Fill,$34.50
50X90CM - (53X93CM),INSERTS,PFH209,Duck Feather - Foam,Normal,$38.50
50X90CM - (53X93CM),INSERTS,PFH210,Duck Feather - Foam,Firm Fill,$41.10
50X90CM - (53X93CM),INSERTS,PFH211,Duck Feather - Foam,Extra Firm Fill,$43.70
50X90CM - (53X93CM),INSERTS,PFH212,Duck Feather - Fibre,Normal,$38.50
50X90CM - (53X93CM),INSERTS,PFH213,Duck Feather - Fibre,Firm Fill,$29.90
50X90CM - (53X93CM),INSERTS,PFH214,Duck Feather - Fibre,Extra Firm Fill,$30.50
50X90CM - (53X93CM),INSERTS,PFH215,100% Polyester,Normal,$38.50
50X90CM - (53X93CM),INSERTS,PFH216,100% Polyester,Firm Fill,$29.90
50X90CM - (53X93CM),INSERTS,PFH217,100% Polyester,Extra Firm Fill,$30.50
50X90CM - (53X93CM),INSERTS,PFH218,30% Down 70% Feather,Normal,$71.00
50X90CM - (53X93CM),INSERTS,PFH219,30% Down 70% Feather,Firm Fill,$73.60
50X90CM - (53X93CM),INSERTS,PFH220,30% Down 70% Feather,Extra Firm Fill,$76.20
50X90CM - (53X93CM),INSERTS,PFH221,50% Down 50% Feather,Normal,$92.55
50X90CM - (53X93CM),INSERTS,PFH222,50% Down 50% Feather,Firm Fill,$95.15
50X90CM - (53X93CM),INSERTS,PFH223,50% Down 50% Feather,Extra Firm Fill,$97.75
50X90CM - (53X93CM),INSERTS,PFH224,80% Down 20% Feather,Normal,$107.00
50X90CM - (53X93CM),INSERTS,PFH225,80% Down 20% Feather,Firm Fill,$109.60
50X90CM - (53X93CM),INSERTS,PFH226,80% Down 20% Feather,Extra Firm Fill,$112.20
55X55CM - (58X58CM),INSERTS,PFH227,100% Feather,Normal,$12.00
55X55CM - (58X58CM),INSERTS,PFH228,100% Feather,Firm Fill,$12.60
55X55CM - (58X58CM),INSERTS,PFH229,100% Feather,Extra Firm Fill,$13.20
55X55CM - (58X58CM),INSERTS,PFH230,Duck Feather - Foam,Normal,$15.00
55X55CM - (58X58CM),INSERTS,PFH231,Duck Feather - Foam,Firm Fill,$15.60
55X55CM - (58X58CM),INSERTS,PFH232,Duck Feather - Foam,Extra Firm Fill,$16.20
55X55CM - (58X58CM),INSERTS,PFH233,Duck Feather - Fibre,Normal,$15.00
55X55CM - (58X58CM),INSERTS,PFH234,Duck Feather - Fibre,Firm Fill,$15.60
55X55CM - (58X58CM),INSERTS,PFH235,Duck Feather - Fibre,Extra Firm Fill,$16.20
55X55CM - (58X58CM),INSERTS,PFH236,100% Polyester,Normal,$15.00
55X55CM - (58X58CM),INSERTS,PFH237,100% Polyester,Firm Fill,$15.60
55X55CM - (58X58CM),INSERTS,PFH238,100% Polyester,Extra Firm Fill,$16.20
55X55CM - (58X58CM),INSERTS,PFH239,30% Down 70% Feather,Normal,$30.25
55X55CM - (58X58CM),INSERTS,PFH240,30% Down 70% Feather,Firm Fill,$32.85
55X55CM - (58X58CM),INSERTS,PFH241,30% Down 70% Feather,Extra Firm Fill,$35.45
55X55CM - (58X58CM),INSERTS,PFH242,50% Down 50% Feather,Normal,$45.10
55X55CM - (58X58CM),INSERTS,PFH243,50% Down 50% Feather,Firm Fill,$47.70
55X55CM - (58X58CM),INSERTS,PFH244,50% Down 50% Feather,Extra Firm Fill,$50.30
55X55CM - (58X58CM),INSERTS,PFH245,80% Down 20% Feather,Normal,$65.00
55X55CM - (58X58CM),INSERTS,PFH246,80% Down 20% Feather,Firm Fill,$67.60
55X55CM - (58X58CM),INSERTS,PFH247,80% Down 20% Feather,Extra Firm Fill,$70.20
60X40CM - (63X43CM),INSERTS,PFH248,100% Feather,Normal,$15.50
60X40CM - (63X43CM),INSERTS,PFH249,100% Feather,Firm Fill,$16.10
60X40CM - (63X43CM),INSERTS,PFH250,100% Feather,Extra Firm Fill,$16.70
60X40CM - (63X43CM),INSERTS,PFH251,Duck Feather - Foam,Normal,$17.50
60X40CM - (63X43CM),INSERTS,PFH252,Duck Feather - Foam,Firm Fill,$18.10
60X40CM - (63X43CM),INSERTS,PFH253,Duck Feather - Foam,Extra Firm Fill,$18.70
60X40CM - (63X43CM),INSERTS,PFH254,Duck Feather - Fibre,Normal,$17.50
60X40CM - (63X43CM),INSERTS,PFH255,Duck Feather - Fibre,Firm Fill,$18.10
60X40CM - (63X43CM),INSERTS,PFH256,Duck Feather - Fibre,Extra Firm Fill,$18.70
60X40CM - (63X43CM),INSERTS,PFH257,100% Polyester,Normal,$17.50
60X40CM - (63X43CM),INSERTS,PFH258,100% Polyester,Firm Fill,$18.10
60X40CM - (63X43CM),INSERTS,PFH259,100% Polyester,Extra Firm Fill,$18.70
60X40CM - (63X43CM),INSERTS,PFH260,30% Down 70% Feather,Normal,$30.50
60X40CM - (63X43CM),INSERTS,PFH261,30% Down 70% Feather,Firm Fill,$33.10
60X40CM - (63X43CM),INSERTS,PFH262,30% Down 70% Feather,Extra Firm Fill,$35.70
60X40CM - (63X43CM),INSERTS,PFH263,50% Down 50% Feather,Normal,$49.00
60X40CM - (63X43CM),INSERTS,PFH264,50% Down 50% Feather,Firm Fill,$51.60
60X40CM - (63X43CM),INSERTS,PFH265,50% Down 50% Feather,Extra Firm Fill,$54.20
60X40CM - (63X43CM),INSERTS,PFH266,80% Down 20% Feather,Normal,$60.00
60X40CM - (63X43CM),INSERTS,PFH267,80% Down 20% Feather,Firm Fill,$62.60
60X40CM - (63X43CM),INSERTS,PFH268,80% Down 20% Feather,Extra Firm Fill,$65.20
60X60CM - (63X63CM),INSERTS,PFH269,100% Feather,Normal,$15.00
60X60CM - (63X63CM),INSERTS,PFH270,100% Feather,Firm Fill,$15.60
60X60CM - (63X63CM),INSERTS,PFH271,100% Feather,Extra Firm Fill,$16.20
60X60CM - (63X63CM),INSERTS,PFH272,Duck Feather - Foam,Normal,$17.25
60X60CM - (63X63CM),INSERTS,PFH273,Duck Feather - Foam,Firm Fill,$17.85
60X60CM - (63X63CM),INSERTS,PFH274,Duck Feather - Foam,Extra Firm Fill,$18.45
60X60CM - (63X63CM),INSERTS,PFH275,Duck Feather - Fibre,Normal,$17.25
60X60CM - (63X63CM),INSERTS,PFH276,Duck Feather - Fibre,Firm Fill,$17.85
60X60CM - (63X63CM),INSERTS,PFH277,Duck Feather - Fibre,Extra Firm Fill,$18.45
60X60CM - (63X63CM),INSERTS,PFH278,100% Polyester,Normal,$17.25
60X60CM - (63X63CM),INSERTS,PFH279,100% Polyester,Firm Fill,$17.85
60X60CM - (63X63CM),INSERTS,PFH280,100% Polyester,Extra Firm Fill,$18.45
60X60CM - (63X63CM),INSERTS,PFH281,30% Down 70% Feather,Normal,$39.00
60X60CM - (63X63CM),INSERTS,PFH282,30% Down 70% Feather,Firm Fill,$41.60
60X60CM - (63X63CM),INSERTS,PFH283,30% Down 70% Feather,Extra Firm Fill,$44.20
60X60CM - (63X63CM),INSERTS,PFH284,50% Down 50% Feather,Normal,$64.40
60X60CM - (63X63CM),INSERTS,PFH285,50% Down 50% Feather,Firm Fill,$67.00
60X60CM - (63X63CM),INSERTS,PFH286,50% Down 50% Feather,Extra Firm Fill,$69.60
60X60CM - (63X63CM),INSERTS,PFH287,80% Down 20% Feather,Normal,$79.00
60X60CM - (63X63CM),INSERTS,PFH288,80% Down 20% Feather,Firm Fill,$81.60
60X60CM - (63X63CM),INSERTS,PFH289,80% Down 20% Feather,Extra Firm Fill,$84.20
65X40CM - (68X43CM),INSERTS,PFH290,100% Feather,Normal,$16.50
65X40CM - (68X43CM),INSERTS,PFH291,100% Feather,Firm Fill,$17.10
65X40CM - (68X43CM),INSERTS,PFH292,100% Feather,Extra Firm Fill,$17.70
65X40CM - (68X43CM),INSERTS,PFH293,Duck Feather - Foam,Normal,$18.50
65X40CM - (68X43CM),INSERTS,PFH294,Duck Feather - Foam,Firm Fill,$19.10
65X40CM - (68X43CM),INSERTS,PFH295,Duck Feather - Foam,Extra Firm Fill,$19.70
65X40CM - (68X43CM),INSERTS,PFH296,Duck Feather - Fibre,Normal,$18.50
65X40CM - (68X43CM),INSERTS,PFH297,Duck Feather - Fibre,Firm Fill,$19.10
65X40CM - (68X43CM),INSERTS,PFH298,Duck Feather - Fibre,Extra Firm Fill,$19.70
65X40CM - (68X43CM),INSERTS,PFH299,100% Polyester,Normal,$18.50
65X40CM - (68X43CM),INSERTS,PFH300,100% Polyester,Firm Fill,$19.10
65X40CM - (68X43CM),INSERTS,PFH301,100% Polyester,Extra Firm Fill,$19.70
65X40CM - (68X43CM),INSERTS,PFH302,30% Down 70% Feather,Normal,$31.50
65X40CM - (68X43CM),INSERTS,PFH303,30% Down 70% Feather,Firm Fill,$34.10
65X40CM - (68X43CM),INSERTS,PFH304,30% Down 70% Feather,Extra Firm Fill,$36.70
65X40CM - (68X43CM),INSERTS,PFH305,50% Down 50% Feather,Normal,$50.00
65X40CM - (68X43CM),INSERTS,PFH306,50% Down 50% Feather,Firm Fill,$52.60
65X40CM - (68X43CM),INSERTS,PFH307,50% Down 50% Feather,Extra Firm Fill,$55.20
65X40CM - (68X43CM),INSERTS,PFH308,80% Down 20% Feather,Normal,$61.00
65X40CM - (68X43CM),INSERTS,PFH309,80% Down 20% Feather,Firm Fill,$63.60
65X40CM - (68X43CM),INSERTS,PFH310,80% Down 20% Feather,Extra Firm Fill,$66.20
65X65CM - (68X68CM),INSERTS,PFH311,100% Feather,Normal,$22.00
65X65CM - (68X68CM),INSERTS,PFH312,100% Feather,Firm Fill,$22.60
65X65CM - (68X68CM),INSERTS,PFH313,100% Feather,Extra Firm Fill,$23.20
65X65CM - (68X68CM),INSERTS,PFH314,Duck Feather - Foam,Normal,$28.75
65X65CM - (68X68CM),INSERTS,PFH315,Duck Feather - Foam,Firm Fill,$29.35
65X65CM - (68X68CM),INSERTS,PFH316,Duck Feather - Foam,Extra Firm Fill,$29.95
65X65CM - (68X68CM),INSERTS,PFH317,Duck Feather - Fibre,Normal,$28.75
65X65CM - (68X68CM),INSERTS,PFH318,Duck Feather - Fibre,Firm Fill,$29.35
65X65CM - (68X68CM),INSERTS,PFH319,Duck Feather - Fibre,Extra Firm Fill,$29.95
65X65CM - (68X68CM),INSERTS,PFH320,100% Polyester,Normal,$28.75
65X65CM - (68X68CM),INSERTS,PFH321,100% Polyester,Firm Fill,$29.35
65X65CM - (68X68CM),INSERTS,PFH322,100% Polyester,Extra Firm Fill,$29.95
65X65CM - (68X68CM),INSERTS,PFH323,30% Down 70% Feather,Normal,$54.60
65X65CM - (68X68CM),INSERTS,PFH324,30% Down 70% Feather,Firm Fill,$57.20
65X65CM - (68X68CM),INSERTS,PFH325,30% Down 70% Feather,Extra Firm Fill,$59.80
65X65CM - (68X68CM),INSERTS,PFH326,50% Down 50% Feather,Normal,$76.50
65X65CM - (68X68CM),INSERTS,PFH327,50% Down 50% Feather,Firm Fill,$79.10
65X65CM - (68X68CM),INSERTS,PFH328,50% Down 50% Feather,Extra Firm Fill,$81.70
65X65CM - (68X68CM),INSERTS,PFH329,80% Down 20% Feather,Normal,$91.00
65X65CM - (68X68CM),INSERTS,PFH330,80% Down 20% Feather,Firm Fill,$93.60
65X65CM - (68X68CM),INSERTS,PFH331,80% Down 20% Feather,Extra Firm Fill,$96.20
SINGLE 140X214CM - MATTRESS TOPPER FILLED,MATTRESS TOPPER FILLED,PFH332,Duck,,$71.00
SINGLE 140X214CM - MATTRESS TOPPER FILLED,MATTRESS TOPPER FILLED,PFH333,Goose,,$88.00
DOUBLE 184X214CM - MATTRESS TOPPER FILLED,MATTRESS TOPPER FILLED,PFH334,Duck,,$100.50
DOUBLE 184X214CM - MATTRESS TOPPER FILLED,MATTRESS TOPPER FILLED,PFH335,Goose,,$110.00
KING SINGLE - MATTRESS TOPPER FILLED,MATTRESS TOPPER FILLED,PFH336,Duck,,$100.50
KING SINGLE - MATTRESS TOPPER FILLED,MATTRESS TOPPER FILLED,PFH337,Goose,,$110.00
QUEEN - MATTRESS TOPPER FILLED,MATTRESS TOPPER FILLED,PFH338,Duck,,$106.50
QUEEN - MATTRESS TOPPER FILLED,MATTRESS TOPPER FILLED,PFH339,Goose,,$133.00
KING - MATTRESS TOPPER FILLED,MATTRESS TOPPER FILLED,PFH340,Duck,,$120.50
KING - MATTRESS TOPPER FILLED,MATTRESS TOPPER FILLED,PFH341,Goose,,$156.50
DOUBLE 184X214CM - MICROSOFT,MICROSOFT,PFH342,Polyester,,$45.00
KING 244X214CM - MICROSOFT,MICROSOFT,PFH343,Polyester,,$56.00
QUEEN 214X214CM - MICROSOFT,MICROSOFT,PFH344,Polyester,,$50.00
SINGLE 140X214CM - MICROSOFT,MICROSOFT,PFH345,Polyester,,$35.00
45X70CM - (48X73CM) - PIPED PILLOWS,PIPED PILLOWS,PFH346,100% Feather,Duck,$20.00
45X70CM - (48X73CM) - PIPED PILLOWS,PIPED PILLOWS,PFH347,30% Down 70% Feather,Duck,$32.00
45X70CM - (48X73CM) - PIPED PILLOWS,PIPED PILLOWS,PFH348,50% Down 50% Feather,Duck,$40.00
45X70CM - (48X73CM) - PIPED PILLOWS,PIPED PILLOWS,PFH349,80% Down 20% Feather,Duck,$60.00
45X70CM - (48X73CM) - PIPED PILLOWS,PIPED PILLOWS,PFH350,80% Down 20% Feather,Goose,$95.00
50X80CM - (53X83CM) - PIPED PILLOWS,PIPED PILLOWS,PFH351,100% Feather,Duck,$25.00
50X80CM - (53X83CM) - PIPED PILLOWS,PIPED PILLOWS,PFH352,30% Down 70% Feather,Duck,$51.00
50X80CM - (53X83CM) - PIPED PILLOWS,PIPED PILLOWS,PFH353,50% Down 50% Feather,Duck,$65.00
50X80CM - (53X83CM) - PIPED PILLOWS,PIPED PILLOWS,PFH354,80% Down 20% Feather,Duck,$87.50
50X80CM - (53X83CM) - PIPED PILLOWS,PIPED PILLOWS,PFH355,80% Down 20% Feather,Goose,$120.00
50X90CM - (53X93CM) - PIPED PILLOWS,PIPED PILLOWS,PFH356,100% Feather,Duck,$25.00
50X90CM - (53X93CM) - PIPED PILLOWS,PIPED PILLOWS,PFH357,30% Down 70% Feather,Duck,$51.00
50X90CM - (53X93CM) - PIPED PILLOWS,PIPED PILLOWS,PFH358,50% Down 50% Feather,Duck,$65.00
50X90CM - (53X93CM) - PIPED PILLOWS,PIPED PILLOWS,PFH359,80% Down 20% Feather,Duck,$87.50
50X90CM - (53X93CM) - PIPED PILLOWS,PIPED PILLOWS,PFH360,80% Down 20% Feather,Goose,$120.00
65 X 65CM (68X68CM) - PIPED PILLOWS,PIPED PILLOWS,PFH361,100% Feather,Duck,$25.00
65 X 65CM (68X68CM) - PIPED PILLOWS,PIPED PILLOWS,PFH362,30% Down 70% Feather,Duck,$51.00
65 X 65CM (68X68CM) - PIPED PILLOWS,PIPED PILLOWS,PFH363,50% Down 50% Feather,Duck,$65.00
65 X 65CM (68X68CM) - PIPED PILLOWS,PIPED PILLOWS,PFH364,80% Down 20% Feather,Duck,$87.50
65 X 65CM (68X68CM) - PIPED PILLOWS,PIPED PILLOWS,PFH365,80% Down 20% Feather,Goose,$120.00
SINGLE - 4 SEASONS FILLED,4 SEASONS FILLED,PFH366,Duck,,$136.50
SINGLE - 4 SEASONS FILLED,4 SEASONS FILLED,PFH367,Goose,,$180.00
DOUBLE - 4 SEASONS FILLED,4 SEASONS FILLED,PFH368,Duck,,$159.00
DOUBLE - 4 SEASONS FILLED,4 SEASONS FILLED,PFH369,Goose,,$205.00
QUEEN - 4 SEASONS FILLED,4 SEASONS FILLED,PFH370,Duck,,$186.00
QUEEN - 4 SEASONS FILLED,4 SEASONS FILLED,PFH371,Goose,,$245.00
KING - 4 SEASONS FILLED,4 SEASONS FILLED,PFH372,Duck,,$210.00
KING - 4 SEASONS FILLED,4 SEASONS FILLED,PFH373,Goose,,$265.00
SUPER KING - 4 SEASONS FILLED,4 SEASONS FILLED,PFH374,Duck,,$280.00
SUPER KING - 4 SEASONS FILLED,4 SEASONS FILLED,PFH375,Goose,,$340.00
SINGLE - 50% DUCK WINTER FILLED,50% DUCK WINTER FILLED,PFH376,Duck,,$80.00
DOUBLE - 50% DUCK WINTER FILLED,50% DUCK WINTER FILLED,PFH377,Duck,,$90.00
QUEEN - 50% DUCK WINTER FILLED,50% DUCK WINTER FILLED,PFH378,Duck,,$105.00
KING - 50% DUCK WINTER FILLED,50% DUCK WINTER FILLED,PFH379,Duck,,$120.00
SUPER KING - 50% DUCK WINTER FILLED,50% DUCK WINTER FILLED,PFH380,Duck,,$145.00
SINGLE - 50% MID WARM FILLED,50% MID WARM FILLED,PFH381,Duck,,$70.00
DOUBLE - 50% MID WARM FILLED,50% MID WARM FILLED,PFH382,Duck,,$80.00
QUEEN - 50% MID WARM FILLED,50% MID WARM FILLED,PFH383,Duck,,$95.00
KING - 50% MID WARM FILLED,50% MID WARM FILLED,PFH384,Duck,,$105.00
SUPER KING - 50% MID WARM FILLED,50% MID WARM FILLED,PFH385,Duck,,$135.00
SINGLE - 80% MID WARM FILLED,80% MID WARM FILLED,PFH386,Duck,,$95.00
SINGLE - 80% MID WARM FILLED,80% MID WARM FILLED,PFH387,Goose,,$149.00
SINGLE - 80% MID WARM FILLED,80% MID WARM FILLED,PFH388,Hungarian,,$159.00
DOUBLE - 80% MID WARM FILLED,80% MID WARM FILLED,PFH389,Duck,,$110.00
DOUBLE - 80% MID WARM FILLED,80% MID WARM FILLED,PFH390,Goose,,$173.00
DOUBLE - 80% MID WARM FILLED,80% MID WARM FILLED,PFH391,Hungarian,,$183.00
QUEEN - 80% MID WARM FILLED,80% MID WARM FILLED,PFH392,Duck,,$127.50
QUEEN - 80% MID WARM FILLED,80% MID WARM FILLED,PFH393,Goose,,$197.00
QUEEN - 80% MID WARM FILLED,80% MID WARM FILLED,PFH394,Hungarian,,$216.50
KING - 80% MID WARM FILLED,80% MID WARM FILLED,PFH395,Duck,,$140.50
KING - 80% MID WARM FILLED,80% MID WARM FILLED,PFH396,Goose,,$224.50
KING - 80% MID WARM FILLED,80% MID WARM FILLED,PFH397,Hungarian,,$232.00
SUPER KING - 80% MID WARM FILLED,80% MID WARM FILLED,PFH398,Duck,,$182.00
SUPER KING - 80% MID WARM FILLED,80% MID WARM FILLED,PFH399,Goose,,$309.50
SUPER KING - 80% MID WARM FILLED,80% MID WARM FILLED,PFH400,Hungarian,,$314.00
SINGLE - 80% WINTER FILLED,80% WINTER FILLED,PFH401,Duck,,$105.00
SINGLE - 80% WINTER FILLED,80% WINTER FILLED,PFH402,Goose,,$160.00
DOUBLE - 80% WINTER FILLED,80% WINTER FILLED,PFH403,Duck,,$120.00
DOUBLE - 80% WINTER FILLED,80% WINTER FILLED,PFH404,Goose,,$185.00
QUEEN - 80% WINTER FILLED,80% WINTER FILLED,PFH405,Duck,,$140.00
QUEEN - 80% WINTER FILLED,80% WINTER FILLED,PFH406,Goose,,$215.00
KING - 80% WINTER FILLED,80% WINTER FILLED,PFH407,Duck,,$160.00
KING - 80% WINTER FILLED,80% WINTER FILLED,PFH408,Goose,,$245.00
SUPER KING - 80% WINTER FILLED,80% WINTER FILLED,PFH409,Duck,,$230.00
SUPER KING - 80% WINTER FILLED,80% WINTER FILLED,PFH410,Goose,,$330.00
45X70CM - (48X73CM) 80 - CHAMBER PILLOW,CHAMBER PILLOW,PFH411,Duck,,$40.00
50X90CM - (53X93CM) 80 - CHAMBER PILLOW,CHAMBER PILLOW,PFH412,Duck,,$62.00
45X70CM - (48X73CM) 50 - CHAMBER PILLOW,CHAMBER PILLOW,PFH413,Duck,,$32.00
50X90CM - (53X93CM) 50 - CHAMBER PILLOW,CHAMBER PILLOW,PFH414,Duck,,
45X70CM - (48X73CM) - STRIP PILLOW,STRIP PILLOW,PFH415,Hungarian,,$105.00
50X90CM - (53X93CM) - STRIP PILLOW,STRIP PILLOW,PFH416,Hungarian,,$113.00
SINGLE - STRIPPED QUILT,STRIPPED QUILT,PFH417,Hungarian,,$142.20
DOUBLE - STRIPPED QUILT,STRIPPED QUILT,PFH418,Hungarian,,$173.70
QUEEN - STRIPPED QUILT,STRIPPED QUILT,PFH419,Hungarian,,$188.20
KING - STRIPPED QUILT,STRIPPED QUILT,PFH420,Hungarian,,$209.20
SUPER KING - STRIPPED QUILT,STRIPPED QUILT,PFH421,Hungarian,,$276.20
Double/Queen 230 x 240cms 450gms - SILVER BLANKET,SILVER BLANKET,PFH422,Silver Blanket,,$70.00
King/Super King 270 x 240cms 535 gms - SILVER BLANKET,SILVER BLANKET,PFH423,Silver Blanket,,$81.00
Single/ King Single 180 x 230gms 300gms - SILVER BLANKET,SILVER BLANKET,PFH424,Silver Blanket,,$56.00
Double/Queen 230 x 240cms 450gms - KHAKI BLANKET,KHAKI BLANKET,PFH425,Khaki Blanket,,$70.00
King/Super King 270 x 240cms 535 gms - KHAKI BLANKET,KHAKI BLANKET,PFH426,Khaki Blanket,,$81.00
Single/ King Single 180 x 230gms 300gms - KHAKI BLANKET,KHAKI BLANKET,PFH427,Khaki Blanket,,$56.00